,Angles,Phase,Correction,Score
0,"[1, 176, 177, 0, 180, 15, 177, 178]",1,0,100
1,"[2, 176, 177, 0, 180, 14, 178, 178]",1,0,100
2,"[2, 176, 177, 0, 180, 14, 179, 178]",1,0,100
3,"[2, 176, 177, 0, 179, 14, 179, 178]",1,0,100
4,"[2, 176, 177, 0, 179, 14, 179, 179]",1,0,100
5,"[2, 176, 177, 0, 179, 14, 179, 179]",1,0,100
6,"[2, 176, 177, 0, 179, 14, 179, 179]",1,0,100
7,"[2, 176, 177, 0, 179, 14, 179, 179]",1,0,100
8,"[2, 176, 177, 0, 179, 14, 179, 179]",1,0,100
9,"[2, 176, 177, 0, 179, 14, 179, 179]",1,0,100
10,"[2, 176, 177, 0, 179, 14, 179, 179]",1,0,100
11,"[2, 176, 177, 0, 179, 14, 179, 179]",1,0,100
12,"[2, 175, 177, 0, 179, 14, 179, 179]",1,0,100
13,"[2, 175, 177, 0, 179, 13, 180, 179]",1,0,100
14,"[2, 174, 177, 0, 179, 13, 180, 179]",1,0,100
15,"[2, 174, 176, 0, 179, 13, 180, 178]",1,0,100
16,"[2, 173, 176, 0, 179, 13, 180, 178]",1,0,100
17,"[2, 173, 176, 0, 179, 13, 180, 178]",1,0,100
18,"[2, 172, 175, 0, 179, 13, 180, 178]",1,0,100
19,"[2, 172, 175, 0, 179, 13, 180, 178]",1,0,100
20,"[2, 171, 174, 0, 179, 13, 180, 178]",1,0,100
21,"[2, 171, 173, 0, 179, 13, 180, 178]",0,0,100
22,"[2, 170, 172, 0, 179, 13, 180, 178]",0,0,100
23,"[2, 167, 170, 0, 179, 13, 180, 178]",0,0,100
24,"[2, 165, 169, 0, 179, 13, 179, 178]",0,0,100
25,"[2, 163, 167, 0, 179, 13, 179, 178]",0,0,100
26,"[2, 161, 164, 0, 179, 13, 179, 179]",0,0,100
27,"[1, 155, 154, 0, 179, 13, 179, 179]",0,0,100
28,"[1, 141, 139, 0, 180, 13, 179, 179]",0,0,100
29,"[1, 114, 128, 0, 180, 12, 179, 179]",0,0,100
30,"[1, 108, 110, 0, 180, 12, 179, 179]",0,0,100
31,"[1, 59, 70, 0, 180, 12, 179, 179]",0,0,100
32,"[1, 26, 36, 0, 179, 12, 179, 179]",0,0,100
33,"[1, 21, 22, 0, 179, 12, 179, 179]",0,0,100
34,"[1, 17, 20, 0, 179, 12, 179, 179]",0,0,100
35,"[1, 14, 17, 0, 179, 12, 179, 179]",0,0,100
36,"[1, 13, 15, 0, 179, 12, 179, 179]",0,0,100
37,"[1, 12, 13, 0, 179, 12, 179, 179]",2,0,100
38,"[0, 12, 12, 0, 179, 12, 179, 179]",2,0,100
39,"[1, 11, 11, 0, 179, 12, 179, 179]",2,0,100
40,"[1, 11, 9, 0, 179, 12, 179, 178]",2,0,100
41,"[1, 10, 9, 0, 179, 12, 179, 178]",2,0,100
42,"[1, 10, 9, 0, 179, 12, 179, 178]",2,0,100
43,"[1, 9, 9, 0, 179, 13, 179, 178]",2,0,100
44,"[1, 9, 9, 0, 179, 13, 179, 178]",2,0,100
45,"[2, 8, 8, 0, 179, 13, 179, 178]",2,0,100
46,"[2, 8, 8, 0, 179, 13, 179, 178]",2,0,100
47,"[2, 8, 8, 0, 179, 13, 179, 178]",2,0,100
48,"[2, 8, 8, 0, 179, 13, 179, 178]",2,0,100
49,"[2, 8, 8, 0, 179, 13, 179, 178]",2,0,100
50,"[2, 7, 8, 0, 179, 13, 179, 178]",2,0,100
51,"[3, 7, 8, 0, 179, 13, 179, 178]",2,0,100
52,"[3, 7, 8, 0, 179, 13, 179, 178]",2,0,100
53,"[3, 7, 8, 0, 179, 13, 179, 178]",2,0,100
54,"[3, 7, 8, 0, 179, 13, 179, 178]",2,0,100
55,"[3, 7, 8, 0, 179, 13, 179, 178]",2,0,100
56,"[3, 7, 8, 0, 179, 13, 179, 178]",2,0,100
57,"[3, 7, 8, 0, 179, 13, 179, 178]",2,0,100
58,"[3, 7, 8, 0, 179, 13, 179, 178]",2,0,100
59,"[3, 7, 8, 0, 179, 13, 179, 178]",2,0,100
60,"[3, 7, 8, 0, 179, 13, 179, 178]",2,0,100
61,"[3, 7, 8, 0, 179, 13, 179, 179]",2,0,100
62,"[3, 7, 8, 0, 179, 13, 179, 179]",2,0,100
63,"[3, 7, 8, 0, 179, 13, 179, 179]",2,0,100
64,"[3, 7, 8, 0, 179, 13, 179, 179]",2,0,100
65,"[3, 7, 8, 0, 179, 13, 179, 179]",2,0,100
66,"[3, 7, 8, 0, 179, 13, 179, 179]",2,0,100
67,"[3, 7, 8, 0, 178, 13, 179, 179]",2,0,100
68,"[3, 7, 8, 0, 178, 13, 179, 179]",2,0,100
69,"[3, 7, 8, 0, 178, 13, 179, 179]",2,0,100
70,"[3, 8, 8, 0, 178, 13, 179, 179]",2,0,100
71,"[3, 8, 8, 0, 178, 13, 179, 179]",2,0,100
72,"[3, 8, 8, 0, 178, 13, 179, 179]",2,0,100
73,"[3, 8, 8, 0, 178, 13, 179, 179]",2,0,100
74,"[2, 9, 8, 0, 178, 13, 179, 179]",2,0,100
75,"[2, 9, 8, 0, 178, 13, 179, 179]",2,0,100
76,"[2, 10, 8, 0, 179, 13, 179, 179]",2,0,100
77,"[2, 10, 9, 0, 179, 13, 179, 179]",2,0,100
78,"[2, 11, 10, 0, 179, 13, 179, 178]",2,0,100
79,"[2, 12, 11, 0, 179, 13, 179, 178]",2,0,100
80,"[1, 13, 12, 0, 179, 13, 179, 178]",2,0,100
81,"[1, 13, 13, 0, 179, 13, 179, 178]",2,0,100
82,"[1, 14, 15, 0, 179, 13, 179, 178]",2,0,100
83,"[1, 15, 17, 0, 179, 13, 179, 178]",2,0,100
84,"[1, 16, 17, 0, 179, 13, 179, 178]",2,0,100
85,"[0, 18, 19, 0, 179, 13, 179, 178]",0,0,100
86,"[0, 22, 24, 0, 179, 13, 179, 179]",0,0,100
87,"[0, 27, 39, 0, 179, 13, 179, 179]",0,0,100
88,"[0, 33, 49, 0, 180, 13, 179, 179]",0,0,100
89,"[0, 50, 67, 0, 180, 13, 179, 179]",0,0,100
90,"[0, 92, 106, 0, 180, 13, 179, 180]",0,0,100
91,"[0, 131, 132, 0, 179, 13, 179, 180]",0,0,100
92,"[0, 161, 150, 0, 179, 13, 179, 180]",0,0,100
93,"[0, 167, 158, 0, 179, 13, 179, 180]",0,0,100
94,"[0, 169, 165, 0, 180, 13, 179, 179]",0,0,100
95,"[0, 170, 165, 0, 180, 13, 179, 179]",0,0,100
96,"[1, 170, 168, 0, 180, 13, 179, 179]",0,0,100
97,"[1, 170, 170, 0, 180, 13, 179, 179]",0,0,100
98,"[1, 172, 171, 0, 180, 13, 179, 179]",0,0,100
99,"[1, 172, 172, 0, 180, 13, 179, 179]",1,0,100
100,"[1, 172, 172, 0, 180, 13, 179, 179]",1,0,100
101,"[1, 172, 173, 0, 180, 13, 179, 179]",1,0,100
102,"[1, 172, 173, 0, 179, 13, 179, 179]",1,0,100
103,"[2, 171, 174, 0, 179, 13, 179, 179]",1,0,100
104,"[2, 171, 174, 0, 179, 13, 179, 179]",1,0,100
105,"[2, 171, 173, 0, 179, 13, 179, 178]",1,0,100
106,"[2, 171, 173, 0, 179, 13, 179, 178]",1,0,100
107,"[2, 171, 173, 0, 179, 13, 179, 178]",1,0,100
108,"[2, 171, 173, 0, 179, 13, 179, 178]",1,0,100
109,"[2, 171, 173, 0, 179, 13, 179, 178]",1,0,100
110,"[2, 172, 173, 0, 179, 13, 179, 178]",1,0,100
111,"[2, 172, 173, 0, 179, 13, 179, 178]",1,0,100
112,"[2, 172, 173, 0, 179, 13, 179, 178]",1,0,100
113,"[2, 173, 173, 0, 179, 13, 179, 178]",1,0,100
114,"[2, 173, 173, 0, 179, 13, 179, 178]",1,0,100
115,"[2, 173, 173, 0, 179, 13, 179, 178]",1,0,100
116,"[2, 173, 173, 0, 179, 13, 179, 178]",1,0,100
117,"[2, 173, 173, 0, 179, 13, 179, 178]",1,0,100
118,"[2, 174, 174, 0, 179, 13, 179, 178]",1,0,100
119,"[2, 174, 174, 0, 179, 13, 178, 178]",1,0,100
120,"[2, 174, 174, 0, 179, 13, 178, 178]",1,0,100
121,"[2, 174, 174, 0, 179, 13, 178, 178]",1,0,100
122,"[2, 174, 174, 0, 179, 13, 178, 178]",1,0,100
123,"[2, 174, 174, 0, 179, 13, 178, 178]",1,0,100
124,"[2, 174, 174, 0, 179, 13, 178, 178]",1,0,100
125,"[2, 174, 174, 0, 179, 13, 178, 178]",1,0,100
126,"[2, 174, 174, 0, 179, 13, 178, 178]",1,0,100
127,"[2, 175, 174, 0, 179, 13, 178, 178]",1,0,100
128,"[2, 175, 174, 0, 179, 13, 178, 179]",1,0,100
129,"[2, 175, 174, 0, 179, 13, 178, 179]",1,0,100
130,"[2, 175, 175, 0, 179, 13, 179, 179]",1,0,100
131,"[2, 175, 175, 0, 179, 13, 179, 179]",1,0,100
132,"[2, 175, 175, 0, 179, 13, 178, 179]",1,0,100
133,"[2, 175, 175, 0, 179, 13, 178, 179]",1,0,100
134,"[2, 175, 175, 0, 179, 13, 178, 179]",1,0,100
135,"[2, 175, 175, 0, 179, 13, 178, 179]",1,0,100
136,"[2, 175, 175, 0, 179, 13, 179, 179]",1,0,100
137,"[2, 175, 175, 0, 179, 13, 179, 179]",1,0,100
138,"[2, 175, 175, 0, 179, 13, 179, 179]",1,0,100
139,"[2, 175, 175, 0, 179, 13, 179, 179]",1,0,100
140,"[2, 175, 175, 0, 179, 13, 179, 179]",1,0,100
141,"[2, 175, 175, 0, 179, 13, 179, 179]",1,0,100
142,"[2, 175, 175, 0, 179, 13, 179, 179]",1,0,100
143,"[2, 174, 175, 0, 179, 13, 179, 179]",1,0,100
144,"[2, 174, 175, 0, 179, 13, 179, 179]",1,0,100
145,"[2, 173, 175, 0, 179, 13, 179, 179]",1,0,100
146,"[2, 173, 175, 0, 179, 13, 179, 178]",1,0,100
147,"[2, 172, 175, 0, 179, 13, 179, 178]",1,0,100
148,"[2, 172, 174, 0, 179, 13, 179, 178]",1,0,100
149,"[2, 171, 174, 0, 179, 13, 179, 178]",0,0,100
150,"[2, 170, 173, 0, 179, 13, 179, 178]",0,0,100
151,"[2, 169, 173, 0, 179, 13, 179, 178]",0,0,95
152,"[2, 168, 173, 0, 179, 13, 179, 178]",0,0,95
153,"[2, 165, 172, 0, 179, 13, 179, 178]",0,0,95
154,"[2, 164, 171, 0, 179, 13, 179, 178]",0,0,90
155,"[2, 163, 170, 0, 179, 12, 179, 178]",0,0,90
156,"[2, 156, 163, 0, 179, 12, 179, 178]",0,0,90
157,"[2, 139, 152, 0, 179, 12, 179, 178]",0,0,90
158,"[2, 114, 127, 0, 179, 12, 179, 178]",0,0,90
159,"[2, 77, 72, 0, 179, 12, 179, 178]",0,0,100
160,"[2, 50, 46, 0, 179, 12, 179, 178]",0,0,100
161,"[2, 35, 32, 0, 179, 12, 179, 178]",0,0,100
162,"[2, 24, 28, 0, 179, 12, 179, 178]",0,0,100
163,"[2, 18, 23, 0, 179, 12, 179, 178]",0,0,100
164,"[2, 15, 19, 0, 179, 12, 179, 178]",2,0,100
165,"[2, 13, 14, 0, 178, 13, 179, 178]",2,0,100
166,"[2, 12, 12, 0, 178, 13, 179, 178]",2,0,100
167,"[2, 11, 11, 0, 178, 13, 179, 178]",2,0,100
168,"[2, 11, 10, 0, 178, 13, 179, 178]",2,0,100
169,"[2, 10, 9, 0, 178, 13, 179, 178]",2,0,100
170,"[2, 9, 9, 0, 178, 13, 179, 178]",2,0,100
171,"[2, 8, 8, 0, 178, 13, 179, 178]",2,0,100
172,"[2, 8, 8, 0, 178, 13, 179, 178]",2,0,100
173,"[3, 8, 8, 0, 178, 13, 179, 178]",2,0,100
174,"[3, 8, 8, 0, 178, 13, 179, 178]",2,0,100
175,"[3, 8, 8, 0, 178, 13, 179, 178]",2,0,100
176,"[3, 8, 8, 0, 178, 13, 179, 178]",2,0,100
177,"[3, 8, 8, 0, 179, 13, 179, 178]",2,0,100
178,"[3, 8, 8, 0, 179, 13, 179, 178]",2,0,100
179,"[3, 8, 8, 0, 179, 13, 179, 178]",2,0,100
180,"[3, 8, 8, 0, 179, 13, 179, 178]",2,0,100
181,"[3, 8, 8, 0, 179, 13, 179, 178]",2,0,100
182,"[3, 8, 9, 0, 179, 13, 179, 178]",2,0,100
183,"[4, 8, 9, 0, 178, 13, 179, 178]",2,0,100
184,"[4, 8, 9, 0, 178, 13, 179, 178]",2,0,100
185,"[4, 8, 9, 0, 178, 13, 179, 178]",2,0,100
186,"[4, 8, 9, 0, 178, 13, 179, 178]",2,0,100
187,"[4, 8, 9, 0, 178, 13, 179, 178]",2,0,100
188,"[4, 8, 9, 0, 178, 13, 179, 178]",2,0,100
189,"[4, 8, 9, 0, 178, 13, 179, 178]",2,0,100
190,"[4, 8, 9, 0, 178, 13, 179, 179]",2,0,100
191,"[4, 8, 9, 0, 178, 13, 179, 178]",2,0,100
192,"[4, 8, 9, 0, 178, 13, 179, 178]",2,0,100
193,"[4, 8, 9, 0, 178, 13, 179, 178]",2,0,100
194,"[4, 8, 9, 0, 178, 13, 179, 178]",2,0,100
195,"[3, 9, 9, 0, 179, 13, 179, 178]",2,0,100
196,"[3, 10, 10, 0, 179, 13, 179, 178]",2,0,100
197,"[3, 10, 10, 0, 179, 13, 179, 178]",2,0,100
198,"[3, 12, 11, 0, 179, 13, 179, 178]",2,0,100
199,"[3, 13, 12, 0, 179, 13, 179, 178]",2,0,100
200,"[3, 14, 13, 0, 179, 13, 179, 178]",2,0,100
201,"[2, 15, 15, 0, 179, 13, 179, 178]",2,0,100
202,"[2, 17, 16, 0, 179, 13, 179, 178]",2,0,100
203,"[2, 18, 18, 0, 179, 13, 179, 178]",2,0,100
204,"[2, 19, 20, 0, 179, 13, 179, 178]",0,0,100
205,"[1, 22, 20, 0, 179, 13, 179, 178]",0,0,100
206,"[1, 27, 25, 0, 179, 13, 179, 178]",0,0,100
207,"[1, 33, 39, 0, 179, 13, 179, 178]",0,0,100
208,"[1, 51, 66, 0, 179, 13, 179, 178]",0,0,100
209,"[2, 85, 96, 0, 179, 13, 179, 178]",0,0,100
210,"[2, 129, 131, 0, 179, 13, 179, 179]",0,0,100
211,"[2, 155, 154, 0, 179, 12, 179, 179]",0,0,100
212,"[2, 165, 163, 0, 179, 12, 179, 179]",0,0,100
213,"[2, 168, 167, 0, 179, 12, 179, 179]",0,0,100
214,"[2, 168, 169, 0, 179, 13, 179, 179]",0,0,100
215,"[2, 169, 169, 0, 179, 13, 179, 179]",0,0,100
216,"[2, 170, 171, 0, 179, 13, 179, 179]",0,0,100
217,"[2, 171, 172, 0, 179, 13, 179, 179]",0,0,100
218,"[2, 171, 173, 0, 179, 13, 179, 179]",0,0,100
219,"[2, 172, 173, 0, 179, 13, 179, 179]",0,0,100
220,"[2, 172, 174, 0, 179, 13, 179, 178]",0,0,100
221,"[3, 172, 174, 0, 179, 13, 179, 178]",0,0,100
222,"[3, 172, 174, 0, 179, 13, 179, 178]",1,0,100
223,"[3, 172, 174, 0, 179, 13, 178, 178]",1,0,100
224,"[3, 172, 173, 0, 179, 13, 178, 178]",1,0,100
225,"[3, 172, 174, 0, 179, 13, 178, 178]",1,0,100
226,"[3, 172, 174, 0, 179, 13, 178, 178]",1,0,100
227,"[3, 173, 174, 0, 179, 13, 178, 178]",1,0,100
228,"[3, 173, 174, 0, 179, 13, 178, 178]",1,0,100
229,"[3, 173, 174, 0, 179, 13, 178, 178]",1,0,100
230,"[3, 173, 174, 0, 179, 13, 178, 178]",1,0,100
231,"[3, 173, 174, 0, 179, 13, 178, 178]",1,0,100
232,"[3, 173, 174, 0, 179, 13, 178, 178]",1,0,100
233,"[3, 174, 174, 0, 179, 13, 178, 178]",1,0,100
234,"[3, 174, 174, 0, 179, 13, 178, 178]",1,0,100
235,"[3, 174, 174, 0, 179, 13, 178, 178]",1,0,100
236,"[3, 174, 175, 0, 179, 13, 178, 178]",1,0,100
237,"[3, 174, 175, 0, 179, 13, 179, 178]",1,0,100
238,"[3, 174, 175, 0, 179, 13, 179, 178]",1,0,100
239,"[3, 174, 175, 0, 179, 13, 179, 178]",1,0,100
240,"[3, 174, 175, 0, 179, 13, 179, 178]",1,0,100
241,"[3, 175, 175, 0, 179, 13, 179, 178]",1,0,100
242,"[3, 175, 175, 0, 179, 13, 179, 179]",1,0,100
243,"[3, 175, 175, 0, 179, 13, 179, 179]",1,0,100
244,"[3, 175, 175, 0, 179, 13, 179, 179]",1,0,100
245,"[3, 175, 175, 0, 179, 13, 179, 179]",1,0,100
246,"[3, 175, 175, 0, 179, 13, 179, 179]",1,0,100
247,"[3, 175, 175, 0, 179, 13, 179, 179]",1,0,100
248,"[3, 175, 175, 0, 179, 14, 179, 179]",1,0,100
249,"[3, 175, 175, 0, 179, 13, 179, 179]",1,0,100
250,"[3, 175, 175, 0, 179, 14, 179, 179]",1,0,100
251,"[3, 175, 175, 0, 179, 14, 179, 179]",1,0,100
252,"[3, 175, 176, 0, 179, 14, 179, 179]",1,0,100
253,"[4, 169, 173, 0, 179, 39, 175, 176]",1,0,100
254,"[3, 169, 173, 0, 180, 39, 175, 176]",1,0,100
255,"[4, 168, 174, 0, 179, 39, 175, 176]",1,0,100
256,"[5, 169, 174, 0, 179, 40, 175, 175]",1,0,100
257,"[6, 170, 173, 0, 178, 40, 175, 175]",1,0,100
258,"[7, 170, 173, 0, 178, 40, 175, 174]",1,0,100
259,"[7, 170, 172, 0, 178, 40, 176, 174]",1,0,100
260,"[7, 170, 172, 0, 177, 40, 176, 174]",1,0,100
261,"[6, 170, 172, 0, 177, 40, 176, 174]",1,0,100
262,"[6, 169, 172, 0, 177, 40, 176, 174]",1,0,100
263,"[6, 169, 170, 0, 177, 40, 175, 174]",1,0,100
264,"[6, 168, 167, 0, 176, 40, 176, 174]",1,0,100
265,"[6, 168, 167, 0, 176, 40, 176, 174]",1,0,100
266,"[7, 167, 166, 0, 175, 41, 177, 174]",1,0,100
267,"[7, 166, 167, 0, 175, 41, 177, 174]",1,0,100
268,"[8, 165, 167, 0, 175, 41, 177, 174]",1,0,100
269,"[8, 165, 166, 0, 175, 41, 178, 174]",1,0,100
270,"[7, 164, 166, 0, 175, 41, 177, 174]",1,0,100
271,"[7, 164, 166, 0, 175, 41, 177, 174]",1,0,100
272,"[5, 165, 164, 0, 175, 41, 177, 174]",1,0,100
273,"[4, 164, 163, 0, 175, 42, 177, 173]",1,0,100
274,"[3, 163, 163, 0, 176, 42, 177, 173]",1,0,100
275,"[3, 162, 162, 0, 175, 42, 178, 173]",1,0,100
276,"[2, 162, 162, 0, 175, 42, 178, 172]",1,0,100
277,"[2, 161, 162, 0, 175, 42, 178, 172]",1,0,100
278,"[2, 160, 161, 0, 175, 42, 179, 172]",1,0,100
279,"[3, 160, 161, 0, 174, 42, 179, 171]",1,0,100
280,"[3, 161, 161, 0, 174, 42, 179, 171]",1,0,100
281,"[3, 161, 161, 0, 174, 41, 179, 171]",1,0,100
282,"[4, 162, 161, 0, 174, 41, 179, 171]",1,0,100
283,"[5, 162, 161, 0, 174, 41, 179, 171]",1,0,100
284,"[6, 161, 162, 0, 174, 41, 179, 171]",1,0,100
285,"[7, 161, 164, 0, 174, 41, 180, 171]",1,0,100
286,"[7, 160, 166, 0, 174, 41, 180, 171]",1,0,100
287,"[7, 159, 167, 0, 174, 41, 180, 171]",1,0,95
288,"[6, 158, 168, 0, 174, 41, 180, 171]",1,0,90
289,"[6, 158, 169, 0, 174, 41, 179, 171]",1,0,90
290,"[6, 158, 170, 0, 174, 41, 179, 171]",1,0,90
291,"[6, 158, 170, 0, 174, 41, 179, 172]",1,0,90
292,"[5, 158, 170, 0, 175, 41, 179, 172]",1,0,90
293,"[5, 158, 170, 0, 175, 41, 179, 172]",1,0,90
294,"[6, 158, 170, 0, 175, 41, 179, 173]",1,0,90
295,"[6, 158, 170, 0, 175, 41, 179, 173]",1,0,90
296,"[6, 158, 169, 0, 175, 41, 179, 173]",1,0,90
297,"[6, 158, 169, 0, 175, 41, 179, 173]",1,0,90
298,"[6, 159, 169, 0, 175, 40, 179, 173]",1,0,90
299,"[7, 159, 169, 0, 175, 40, 179, 173]",1,0,90
300,"[7, 160, 169, 0, 175, 40, 179, 173]",1,0,90
301,"[7, 160, 169, 0, 175, 40, 179, 174]",1,0,90
302,"[7, 160, 169, 0, 175, 40, 179, 174]",1,0,90
303,"[7, 160, 168, 0, 176, 40, 179, 175]",1,0,90
304,"[7, 159, 168, 0, 176, 40, 179, 175]",1,0,90
305,"[7, 159, 167, 0, 176, 40, 179, 175]",1,0,90
306,"[7, 159, 167, 0, 176, 40, 178, 175]",1,0,90
307,"[7, 159, 167, 0, 176, 40, 179, 175]",1,0,95
308,"[7, 159, 167, 0, 176, 40, 179, 176]",1,0,95
309,"[7, 160, 167, 0, 176, 40, 179, 176]",1,0,95
310,"[7, 160, 167, 0, 176, 40, 179, 176]",1,0,95
311,"[7, 161, 167, 0, 176, 40, 179, 176]",1,0,95
312,"[7, 161, 167, 0, 176, 40, 179, 176]",1,0,95
313,"[7, 161, 168, 0, 176, 40, 179, 176]",1,0,95
314,"[7, 160, 168, 0, 176, 40, 179, 176]",1,0,95
315,"[7, 160, 169, 0, 176, 40, 179, 175]",1,0,95
316,"[6, 159, 169, 0, 176, 40, 179, 175]",1,0,90
317,"[6, 158, 170, 0, 176, 40, 179, 175]",1,0,90
318,"[6, 158, 170, 0, 175, 40, 179, 174]",1,0,90
319,"[6, 157, 170, 0, 175, 40, 179, 174]",1,0,90
320,"[6, 157, 170, 0, 176, 40, 178, 174]",1,0,90
321,"[6, 155, 169, 0, 176, 40, 178, 174]",1,0,90
322,"[6, 154, 169, 0, 176, 39, 178, 174]",1,0,90
323,"[6, 154, 169, 0, 176, 39, 178, 174]",1,0,90
324,"[6, 153, 169, 0, 176, 39, 178, 173]",1,0,90
325,"[6, 153, 168, 0, 177, 39, 178, 173]",1,0,90
326,"[6, 152, 167, 0, 177, 39, 178, 173]",1,0,90
327,"[6, 152, 165, 0, 177, 39, 178, 174]",0,0,90
328,"[7, 152, 164, 0, 177, 39, 178, 174]",0,0,90
329,"[7, 152, 165, 0, 177, 39, 178, 174]",0,0,90
330,"[7, 153, 165, 0, 177, 39, 178, 174]",0,0,90
331,"[7, 152, 164, 0, 177, 39, 178, 174]",0,0,90
332,"[7, 152, 164, 0, 177, 39, 178, 174]",0,0,90
333,"[8, 152, 161, 0, 176, 39, 178, 174]",0,0,90
334,"[8, 151, 158, 0, 176, 39, 178, 173]",0,0,95
335,"[8, 149, 158, 0, 176, 39, 178, 173]",0,0,90
336,"[8, 147, 157, 0, 176, 39, 178, 173]",0,0,90
337,"[8, 145, 156, 0, 176, 39, 178, 173]",0,0,90
338,"[7, 143, 153, 0, 177, 38, 178, 174]",0,0,90
339,"[7, 143, 150, 0, 177, 38, 178, 174]",0,0,95
340,"[7, 144, 149, 0, 177, 38, 178, 174]",0,0,95
341,"[6, 142, 148, 0, 177, 38, 178, 174]",0,0,95
342,"[5, 143, 164, 0, 178, 38, 178, 174]",0,0,80
343,"[5, 135, 148, 0, 178, 38, 178, 174]",0,0,90
344,"[4, 132, 142, 0, 178, 38, 178, 174]",0,0,90
345,"[4, 131, 123, 0, 178, 39, 177, 174]",0,0,90
346,"[4, 121, 107, 0, 178, 39, 177, 174]",0,0,90
347,"[4, 117, 105, 0, 178, 39, 177, 174]",0,0,90
348,"[4, 104, 91, 0, 178, 39, 176, 174]",0,0,90
349,"[3, 96, 77, 0, 178, 39, 176, 173]",0,0,85
350,"[3, 93, 73, 0, 178, 39, 176, 173]",0,1,80
351,"[3, 91, 70, 0, 178, 39, 176, 173]",0,1,70
352,"[3, 92, 64, 0, 178, 38, 176, 173]",0,1,70
353,"[2, 93, 62, 0, 179, 38, 176, 174]",0,1,70
354,"[1, 96, 57, 0, 179, 38, 176, 173]",0,1,70
355,"[0, 100, 55, 0, 179, 38, 176, 173]",0,1,70
356,"[1, 100, 53, 0, 179, 38, 176, 173]",0,1,70
357,"[2, 101, 51, 0, 179, 38, 176, 174]",0,1,70
358,"[4, 124, 49, 0, 180, 38, 176, 174]",0,1,70
359,"[5, 125, 48, 0, 180, 38, 176, 174]",2,1,70
360,"[6, 108, 45, 0, 180, 38, 176, 174]",2,1,70
361,"[7, 103, 44, 0, 179, 38, 176, 174]",2,1,70
362,"[9, 96, 42, 0, 179, 38, 176, 174]",2,1,70
363,"[10, 95, 41, 0, 178, 38, 176, 174]",2,1,70
364,"[11, 88, 40, 0, 178, 38, 176, 174]",2,1,70
365,"[11, 79, 38, 0, 178, 38, 175, 174]",2,1,70
366,"[13, 70, 36, 0, 178, 38, 176, 174]",2,1,70
367,"[13, 66, 34, 0, 178, 38, 176, 174]",2,1,70
368,"[13, 65, 34, 0, 178, 38, 175, 174]",2,1,70
369,"[13, 63, 33, 0, 177, 38, 175, 174]",2,1,70
370,"[12, 61, 33, 0, 177, 38, 175, 174]",2,1,70
371,"[12, 60, 32, 0, 177, 38, 175, 175]",2,1,70
372,"[12, 59, 32, 0, 177, 38, 175, 175]",2,1,70
373,"[12, 59, 32, 0, 177, 38, 175, 175]",2,1,80
374,"[11, 56, 32, 0, 177, 38, 175, 175]",2,1,85
375,"[10, 55, 32, 0, 177, 38, 175, 175]",2,1,85
376,"[8, 53, 34, 0, 177, 38, 176, 175]",2,1,85
377,"[7, 52, 35, 0, 177, 38, 176, 175]",2,1,85
378,"[6, 52, 36, 0, 177, 38, 176, 175]",2,0,85
379,"[5, 51, 37, 0, 177, 38, 175, 175]",2,0,85
380,"[3, 50, 38, 0, 177, 38, 175, 175]",2,0,90
381,"[1, 50, 40, 0, 177, 38, 175, 175]",2,0,90
382,"[0, 49, 40, 0, 178, 39, 175, 175]",2,0,90
383,"[0, 49, 41, 0, 178, 39, 175, 175]",2,0,90
384,"[0, 50, 41, 0, 177, 39, 175, 175]",2,0,90
385,"[0, 50, 40, 0, 177, 39, 175, 175]",2,0,90
386,"[0, 50, 40, 0, 177, 39, 175, 175]",2,0,90
387,"[0, 50, 40, 0, 177, 39, 175, 175]",2,0,90
388,"[1, 52, 40, 0, 177, 39, 175, 175]",2,0,85
389,"[1, 52, 40, 0, 177, 39, 175, 175]",2,0,85
390,"[1, 54, 40, 0, 177, 39, 175, 175]",2,0,85
391,"[2, 56, 40, 0, 177, 39, 174, 175]",2,0,85
392,"[3, 56, 40, 0, 177, 39, 174, 174]",2,0,85
393,"[3, 61, 41, 0, 177, 39, 174, 174]",2,1,80
394,"[2, 61, 41, 0, 177, 39, 174, 174]",2,1,80
395,"[3, 66, 41, 0, 177, 39, 174, 174]",2,1,80
396,"[2, 65, 42, 0, 178, 39, 174, 174]",2,1,80
397,"[3, 66, 43, 0, 178, 39, 175, 174]",2,1,80
398,"[3, 65, 44, 0, 178, 39, 175, 174]",2,1,80
399,"[2, 65, 45, 0, 179, 39, 175, 174]",2,1,80
400,"[2, 68, 46, 0, 179, 38, 175, 174]",2,1,80
401,"[1, 74, 48, 0, 179, 38, 175, 175]",2,1,80
402,"[0, 82, 51, 0, 179, 38, 175, 175]",2,1,70
403,"[0, 88, 53, 0, 180, 39, 175, 175]",2,1,70
404,"[0, 91, 58, 0, 180, 39, 175, 175]",0,1,70
405,"[1, 103, 63, 0, 179, 39, 175, 175]",0,1,70
406,"[2, 102, 67, 0, 179, 39, 175, 175]",0,1,70
407,"[1, 104, 72, 0, 179, 39, 175, 175]",0,1,70
408,"[1, 102, 80, 0, 179, 38, 176, 175]",0,1,80
409,"[1, 100, 86, 0, 180, 38, 176, 175]",0,0,85
410,"[1, 103, 90, 0, 180, 38, 176, 175]",0,0,90
411,"[0, 110, 97, 0, 180, 38, 176, 175]",0,0,90
412,"[0, 112, 102, 0, 180, 38, 176, 174]",0,0,90
413,"[0, 113, 107, 0, 180, 38, 177, 174]",0,0,95
414,"[0, 120, 117, 0, 180, 38, 177, 174]",0,0,100
415,"[0, 130, 139, 0, 180, 38, 177, 174]",0,0,95
416,"[0, 134, 147, 0, 180, 38, 177, 174]",0,0,90
417,"[1, 137, 147, 0, 179, 37, 177, 174]",0,0,90
418,"[3, 143, 148, 0, 179, 38, 178, 174]",0,0,100
419,"[3, 151, 144, 0, 178, 38, 178, 173]",0,0,95
420,"[4, 157, 146, 0, 178, 38, 178, 173]",0,0,95
421,"[5, 161, 148, 0, 178, 38, 178, 173]",0,0,90
422,"[5, 163, 151, 0, 177, 38, 178, 173]",0,0,90
423,"[6, 163, 154, 0, 177, 38, 177, 173]",0,0,90
424,"[7, 163, 154, 0, 177, 38, 177, 173]",1,0,90
425,"[7, 162, 155, 0, 177, 38, 177, 173]",1,0,95
426,"[7, 162, 156, 0, 177, 38, 176, 173]",1,0,95
427,"[8, 161, 156, 0, 177, 38, 176, 173]",1,0,95
428,"[8, 161, 158, 0, 177, 38, 176, 173]",1,0,95
429,"[8, 160, 160, 0, 176, 38, 176, 173]",1,0,100
430,"[9, 159, 162, 0, 176, 38, 176, 173]",1,0,100
431,"[9, 159, 163, 0, 176, 38, 176, 173]",1,0,100
432,"[9, 159, 163, 0, 175, 38, 176, 173]",1,0,100
433,"[10, 159, 164, 0, 175, 39, 177, 173]",1,0,95
434,"[10, 159, 164, 0, 174, 39, 178, 174]",1,0,95
435,"[10, 159, 164, 0, 174, 39, 178, 174]",1,0,95
436,"[11, 160, 164, 0, 174, 39, 178, 175]",1,0,100
437,"[10, 160, 164, 0, 174, 39, 178, 175]",1,0,100
438,"[10, 160, 163, 0, 174, 39, 178, 175]",1,0,100
439,"[10, 161, 163, 0, 175, 39, 178, 175]",1,0,100
440,"[9, 161, 163, 0, 175, 39, 178, 175]",1,0,100
441,"[9, 162, 163, 0, 175, 39, 178, 175]",1,0,100
442,"[9, 163, 163, 0, 175, 39, 178, 176]",1,0,100
443,"[9, 163, 163, 0, 175, 39, 178, 176]",1,0,100
444,"[8, 164, 163, 0, 175, 39, 178, 176]",1,0,100
445,"[8, 164, 164, 0, 175, 40, 177, 175]",1,0,100
446,"[8, 164, 164, 0, 175, 40, 177, 175]",1,0,100
447,"[8, 165, 164, 0, 175, 40, 177, 175]",1,0,100
448,"[8, 165, 164, 0, 175, 40, 177, 175]",1,0,100
449,"[8, 165, 165, 0, 175, 40, 177, 175]",1,0,100
450,"[8, 165, 165, 0, 175, 40, 177, 175]",1,0,100
451,"[8, 164, 165, 0, 175, 40, 177, 175]",1,0,100
452,"[8, 164, 166, 0, 175, 40, 177, 175]",1,0,100
453,"[8, 163, 166, 0, 175, 39, 178, 175]",1,0,100
454,"[8, 163, 166, 0, 175, 39, 178, 175]",1,0,100
455,"[8, 163, 166, 0, 174, 39, 178, 175]",1,0,100
456,"[8, 162, 166, 0, 174, 39, 178, 175]",1,0,100
457,"[8, 162, 166, 0, 174, 39, 178, 175]",1,0,100
458,"[8, 162, 166, 0, 174, 39, 178, 175]",1,0,100
459,"[8, 162, 165, 0, 174, 39, 178, 175]",1,0,100
460,"[8, 163, 164, 0, 174, 39, 177, 175]",1,0,100
461,"[8, 162, 162, 0, 175, 39, 177, 175]",1,0,100
462,"[8, 161, 160, 0, 175, 39, 177, 175]",1,0,100
463,"[8, 161, 160, 0, 175, 39, 177, 176]",1,0,100
464,"[8, 164, 159, 0, 177, 39, 176, 177]",1,0,100
465,"[7, 164, 159, 0, 178, 39, 176, 177]",1,0,100
466,"[8, 162, 158, 0, 178, 38, 176, 177]",1,0,100
467,"[7, 162, 158, 0, 179, 38, 176, 178]",1,0,100
468,"[7, 162, 157, 0, 180, 38, 176, 178]",1,0,95
469,"[7, 161, 155, 0, 180, 38, 176, 178]",0,0,95
470,"[7, 158, 153, 0, 180, 38, 176, 178]",0,0,95
471,"[7, 155, 152, 0, 179, 38, 177, 178]",0,0,100
472,"[7, 152, 151, 0, 179, 38, 177, 178]",0,0,100
473,"[7, 150, 149, 0, 179, 38, 178, 177]",0,0,100
474,"[6, 151, 145, 0, 179, 38, 178, 177]",0,0,95
475,"[6, 148, 142, 0, 179, 38, 178, 177]",0,0,95
476,"[4, 141, 151, 0, 180, 38, 178, 177]",0,0,95
477,"[2, 135, 151, 0, 180, 38, 178, 177]",0,0,90
478,"[1, 122, 139, 0, 180, 38, 179, 177]",0,0,95
479,"[1, 115, 133, 0, 179, 38, 179, 177]",0,0,95
480,"[2, 110, 119, 0, 179, 38, 178, 177]",0,0,95
481,"[3, 108, 106, 0, 179, 38, 178, 177]",0,0,100
482,"[4, 103, 93, 0, 178, 38, 178, 176]",0,0,90
483,"[5, 93, 78, 0, 178, 38, 178, 176]",0,0,90
484,"[6, 91, 69, 0, 178, 38, 178, 176]",0,1,85
485,"[7, 97, 56, 0, 178, 38, 177, 176]",0,1,80
486,"[8, 97, 53, 0, 178, 38, 177, 176]",0,1,80
487,"[8, 87, 52, 0, 178, 39, 177, 176]",0,1,80
488,"[9, 90, 52, 0, 178, 39, 177, 176]",0,1,80
489,"[8, 86, 48, 0, 178, 39, 177, 176]",0,1,80
490,"[8, 82, 45, 0, 178, 39, 177, 176]",0,1,80
491,"[8, 77, 44, 0, 178, 39, 177, 176]",0,1,80
492,"[8, 77, 41, 0, 178, 39, 177, 176]",0,1,80
493,"[8, 77, 40, 0, 178, 39, 177, 176]",0,1,80
494,"[9, 77, 39, 0, 178, 39, 177, 176]",2,1,80
495,"[10, 75, 38, 0, 177, 39, 176, 176]",2,1,80
496,"[12, 74, 37, 0, 177, 39, 176, 176]",2,1,80
497,"[13, 71, 36, 0, 177, 39, 176, 176]",2,1,80
498,"[13, 70, 36, 0, 176, 39, 176, 176]",2,1,80
499,"[13, 68, 35, 0, 176, 39, 176, 176]",2,1,80
500,"[13, 65, 34, 0, 176, 39, 176, 176]",2,1,80
501,"[12, 61, 34, 0, 177, 39, 176, 176]",2,1,80
502,"[11, 61, 34, 0, 177, 39, 176, 176]",2,1,80
503,"[9, 60, 35, 0, 177, 39, 175, 176]",2,1,80
504,"[9, 60, 34, 0, 177, 39, 175, 176]",2,1,80
505,"[10, 60, 34, 0, 177, 39, 175, 176]",2,1,80
506,"[10, 68, 34, 0, 177, 39, 174, 176]",2,1,80
507,"[10, 76, 34, 0, 177, 39, 174, 176]",2,1,80
508,"[11, 73, 34, 0, 177, 39, 174, 176]",2,1,80
509,"[11, 64, 34, 0, 177, 39, 174, 176]",2,1,80
510,"[12, 63, 34, 0, 177, 39, 174, 176]",2,1,80
511,"[12, 61, 34, 0, 177, 39, 174, 176]",2,1,80
512,"[12, 59, 34, 0, 177, 39, 174, 176]",2,1,80
513,"[12, 57, 34, 0, 177, 39, 174, 176]",2,1,80
514,"[12, 56, 33, 0, 177, 39, 174, 176]",2,1,80
515,"[12, 55, 33, 0, 177, 39, 174, 176]",2,1,80
516,"[11, 55, 34, 0, 177, 39, 174, 176]",2,1,80
517,"[12, 55, 34, 0, 178, 39, 174, 176]",2,1,80
518,"[11, 58, 35, 0, 178, 39, 174, 176]",2,1,80
519,"[11, 59, 35, 0, 178, 39, 174, 176]",2,1,80
520,"[11, 59, 36, 0, 178, 39, 174, 175]",2,1,80
521,"[10, 57, 37, 0, 178, 39, 174, 175]",2,1,80
522,"[10, 57, 37, 0, 178, 40, 174, 175]",2,1,80
523,"[10, 56, 37, 0, 178, 40, 174, 175]",2,1,80
524,"[10, 56, 38, 0, 178, 40, 174, 175]",2,0,80
525,"[10, 56, 38, 0, 178, 40, 174, 175]",2,0,80
526,"[10, 56, 38, 0, 178, 40, 174, 175]",2,0,80
527,"[10, 69, 39, 0, 178, 40, 173, 174]",2,1,80
528,"[10, 68, 39, 0, 178, 40, 173, 174]",2,1,80
529,"[10, 74, 39, 0, 178, 40, 173, 173]",2,1,80
530,"[9, 73, 39, 0, 178, 40, 173, 173]",2,1,80
531,"[10, 79, 39, 0, 177, 40, 172, 173]",2,1,80
532,"[9, 77, 40, 0, 178, 40, 172, 173]",2,1,80
533,"[8, 74, 41, 0, 178, 40, 171, 172]",2,1,80
534,"[7, 78, 43, 0, 178, 40, 171, 172]",2,1,80
535,"[6, 82, 46, 0, 178, 40, 171, 172]",2,1,80
536,"[5, 91, 47, 0, 178, 40, 171, 173]",2,1,80
537,"[4, 96, 48, 0, 178, 40, 171, 173]",2,1,80
538,"[4, 105, 52, 0, 178, 40, 171, 173]",2,1,70
539,"[3, 108, 56, 0, 178, 40, 171, 173]",0,1,70
540,"[3, 113, 62, 0, 178, 40, 171, 173]",0,1,70
541,"[2, 113, 71, 0, 178, 40, 171, 173]",0,1,70
542,"[1, 123, 83, 0, 178, 40, 171, 173]",0,1,70
543,"[0, 139, 91, 0, 179, 40, 171, 173]",0,1,70
544,"[0, 139, 95, 0, 179, 40, 171, 173]",0,1,70
545,"[0, 160, 99, 0, 179, 40, 171, 173]",0,1,60
546,"[0, 162, 112, 0, 179, 40, 171, 173]",0,1,70
547,"[0, 165, 114, 0, 179, 40, 171, 173]",0,1,70
548,"[1, 167, 126, 0, 179, 39, 172, 173]",0,1,70
549,"[2, 169, 127, 0, 180, 39, 173, 173]",0,1,70
550,"[2, 170, 126, 0, 179, 39, 173, 172]",0,1,60
551,"[3, 171, 128, 0, 178, 39, 173, 172]",0,1,65
552,"[4, 171, 133, 0, 177, 39, 174, 172]",0,1,65
553,"[5, 172, 137, 0, 176, 39, 174, 171]",0,1,65
554,"[6, 170, 139, 0, 176, 39, 174, 171]",1,1,70
555,"[6, 169, 141, 0, 176, 39, 174, 171]",1,1,70
556,"[6, 167, 144, 0, 175, 39, 175, 171]",1,1,70
557,"[7, 166, 146, 0, 176, 39, 175, 172]",1,1,70
558,"[8, 165, 148, 0, 176, 39, 175, 173]",1,0,85
559,"[9, 165, 150, 0, 175, 39, 175, 173]",1,0,90
560,"[10, 165, 151, 0, 174, 39, 176, 173]",1,0,90
561,"[10, 165, 152, 0, 174, 39, 177, 173]",1,0,90
562,"[10, 164, 154, 0, 173, 39, 177, 173]",1,0,90
563,"[10, 164, 155, 0, 173, 39, 177, 173]",1,0,90
564,"[10, 165, 157, 0, 172, 39, 177, 173]",1,0,90
565,"[11, 165, 158, 0, 171, 40, 176, 173]",1,0,90
566,"[10, 165, 159, 0, 171, 40, 176, 173]",1,0,90
567,"[10, 165, 160, 0, 171, 40, 176, 173]",1,0,95
568,"[10, 166, 161, 0, 171, 40, 176, 173]",1,0,95
569,"[10, 166, 162, 0, 171, 40, 176, 174]",1,0,95
570,"[10, 165, 163, 0, 171, 40, 176, 174]",1,0,100
571,"[9, 165, 163, 0, 171, 40, 175, 174]",1,0,100
572,"[9, 164, 164, 0, 171, 40, 175, 174]",1,0,100
573,"[9, 164, 164, 0, 171, 40, 175, 174]",1,0,100
574,"[8, 164, 164, 0, 171, 40, 175, 174]",1,0,100
575,"[8, 164, 164, 0, 171, 40, 175, 173]",1,0,100
576,"[8, 164, 164, 0, 171, 40, 176, 173]",1,0,100
577,"[8, 163, 164, 0, 171, 40, 176, 173]",1,0,100
578,"[8, 163, 164, 0, 171, 40, 176, 173]",1,0,100
579,"[8, 163, 164, 0, 171, 40, 176, 173]",1,0,100
580,"[8, 162, 164, 0, 171, 40, 176, 173]",1,0,100
581,"[8, 162, 164, 0, 171, 40, 176, 173]",1,0,100
582,"[8, 162, 164, 0, 171, 40, 176, 173]",1,0,100
583,"[8, 162, 164, 0, 171, 40, 176, 173]",1,0,100
584,"[8, 162, 163, 0, 171, 40, 176, 173]",1,0,100
585,"[8, 162, 162, 0, 172, 40, 176, 173]",1,0,100
586,"[8, 162, 161, 0, 172, 40, 176, 173]",1,0,100
587,"[7, 162, 161, 0, 172, 40, 176, 173]",1,0,100
588,"[7, 162, 161, 0, 172, 40, 176, 173]",1,0,100
589,"[7, 163, 161, 0, 172, 40, 176, 173]",1,0,100
590,"[7, 163, 161, 0, 172, 40, 176, 173]",1,0,100
591,"[7, 163, 161, 0, 172, 40, 176, 174]",1,0,100
592,"[8, 163, 161, 0, 173, 40, 176, 174]",1,0,100
593,"[7, 164, 161, 0, 173, 40, 176, 174]",1,0,100
594,"[7, 165, 161, 0, 173, 40, 176, 174]",1,0,100
595,"[7, 166, 161, 0, 173, 40, 176, 175]",1,0,100
596,"[6, 166, 161, 0, 174, 40, 176, 175]",1,0,100
597,"[6, 167, 161, 0, 174, 40, 176, 175]",1,0,100
598,"[6, 167, 161, 0, 174, 40, 176, 175]",1,0,100
599,"[6, 167, 161, 0, 174, 40, 176, 175]",1,0,100
600,"[6, 167, 162, 0, 174, 40, 176, 175]",1,0,100
601,"[6, 167, 162, 0, 174, 41, 176, 175]",1,0,100
602,"[6, 167, 163, 0, 174, 41, 176, 175]",1,0,100
603,"[6, 167, 163, 0, 174, 41, 177, 175]",1,0,100
604,"[6, 167, 163, 0, 174, 41, 177, 175]",1,0,100
605,"[6, 167, 163, 0, 174, 41, 177, 175]",1,0,100
606,"[6, 168, 163, 0, 174, 41, 177, 175]",1,0,100
607,"[6, 168, 164, 0, 174, 41, 177, 174]",1,0,100
608,"[6, 168, 164, 0, 174, 41, 177, 174]",1,0,100
609,"[6, 168, 164, 0, 174, 41, 177, 174]",1,0,100
610,"[6, 168, 164, 0, 174, 41, 177, 174]",1,0,100
611,"[6, 168, 164, 0, 174, 41, 176, 174]",1,0,100
612,"[6, 168, 164, 0, 174, 41, 176, 174]",1,0,100
613,"[5, 168, 163, 0, 175, 41, 175, 174]",1,0,100
614,"[9, 172, 168, 0, 176, 8, 180, 175]",1,9,80
615,"[9, 172, 166, 0, 176, 8, 180, 176]",1,9,80
616,"[9, 172, 165, 0, 176, 9, 179, 176]",1,9,80
617,"[9, 173, 165, 0, 176, 9, 179, 176]",1,9,80
618,"[9, 175, 165, 0, 176, 9, 179, 176]",1,9,80
619,"[8, 175, 165, 0, 176, 9, 179, 176]",1,9,80
620,"[8, 176, 165, 0, 176, 9, 179, 176]",1,9,80
621,"[8, 176, 165, 0, 176, 9, 179, 176]",1,9,80
622,"[8, 175, 165, 0, 176, 9, 179, 176]",1,9,80
623,"[9, 174, 165, 0, 176, 9, 179, 176]",1,9,80
624,"[9, 174, 166, 0, 176, 9, 179, 176]",1,9,80
625,"[9, 173, 166, 0, 176, 9, 179, 175]",1,9,80
626,"[8, 173, 167, 0, 176, 9, 179, 175]",1,9,80
627,"[9, 174, 167, 0, 176, 9, 179, 175]",1,9,80
628,"[9, 174, 167, 0, 176, 9, 179, 175]",1,9,80
629,"[9, 175, 168, 0, 176, 9, 179, 175]",1,9,80
630,"[9, 175, 168, 0, 176, 9, 179, 175]",1,9,80
631,"[9, 176, 168, 0, 176, 9, 179, 175]",1,9,80
632,"[9, 176, 168, 0, 176, 9, 179, 175]",1,9,80
633,"[9, 176, 168, 0, 176, 9, 179, 175]",1,9,80
634,"[9, 177, 168, 0, 176, 9, 179, 175]",1,9,80
635,"[10, 177, 168, 0, 176, 9, 179, 175]",1,9,80
636,"[10, 177, 167, 0, 176, 9, 179, 174]",1,9,80
637,"[10, 177, 167, 0, 176, 9, 179, 174]",1,9,80
638,"[10, 177, 167, 0, 176, 9, 179, 174]",1,9,80
639,"[11, 176, 166, 0, 176, 9, 179, 174]",1,9,80
640,"[10, 175, 166, 0, 176, 9, 179, 174]",0,9,80
641,"[10, 173, 166, 0, 176, 9, 179, 174]",0,9,80
642,"[10, 172, 166, 0, 176, 9, 179, 174]",0,9,80
643,"[11, 170, 166, 0, 176, 9, 179, 174]",0,9,80
644,"[11, 169, 165, 0, 176, 9, 180, 174]",0,9,80
645,"[10, 166, 165, 0, 176, 8, 180, 174]",0,9,80
646,"[9, 164, 161, 0, 176, 8, 179, 174]",0,9,80
647,"[8, 163, 159, 0, 176, 8, 180, 174]",0,9,80
648,"[7, 163, 159, 0, 176, 8, 180, 174]",0,9,80
649,"[7, 160, 158, 0, 176, 8, 180, 175]",0,9,80
650,"[7, 158, 155, 0, 175, 8, 180, 175]",0,9,80
651,"[6, 154, 142, 0, 176, 8, 179, 175]",0,9,80
652,"[5, 143, 138, 0, 176, 8, 179, 175]",0,9,80
653,"[4, 133, 129, 0, 176, 8, 179, 175]",0,9,80
654,"[4, 124, 120, 0, 177, 8, 179, 175]",0,9,80
655,"[3, 131, 115, 0, 177, 8, 179, 175]",0,9,70
656,"[3, 144, 116, 0, 177, 8, 179, 175]",0,9,70
657,"[3, 149, 119, 0, 178, 8, 179, 175]",0,9,70
658,"[2, 175, 119, 0, 178, 8, 179, 175]",0,9,70
659,"[1, 164, 106, 0, 178, 8, 178, 175]",0,9,70
660,"[1, 147, 97, 0, 178, 8, 178, 175]",0,9,60
661,"[1, 127, 96, 0, 179, 8, 178, 175]",0,9,70
662,"[0, 120, 99, 0, 179, 8, 178, 175]",0,9,70
663,"[0, 146, 100, 0, 179, 8, 178, 174]",0,9,60
664,"[0, 93, 90, 0, 179, 8, 178, 174]",0,9,80
665,"[0, 68, 70, 0, 180, 8, 178, 174]",2,9,80
666,"[1, 63, 64, 0, 180, 8, 178, 174]",2,9,80
667,"[1, 52, 55, 0, 179, 9, 178, 174]",2,9,80
668,"[1, 55, 52, 0, 179, 9, 178, 174]",2,9,80
669,"[2, 57, 54, 0, 180, 9, 178, 174]",2,9,80
670,"[2, 54, 51, 0, 180, 9, 178, 174]",2,9,80
671,"[3, 57, 48, 0, 180, 9, 178, 174]",2,9,80
672,"[4, 52, 47, 0, 179, 9, 177, 174]",2,9,80
673,"[5, 49, 44, 0, 179, 9, 177, 173]",2,9,80
674,"[4, 47, 44, 0, 179, 9, 178, 173]",2,9,80
675,"[3, 47, 44, 0, 179, 9, 178, 174]",2,9,80
676,"[2, 46, 43, 0, 179, 9, 178, 174]",2,9,80
677,"[0, 46, 42, 0, 179, 9, 178, 174]",2,9,80
678,"[1, 45, 41, 0, 180, 9, 178, 174]",2,9,80
679,"[3, 44, 41, 0, 180, 9, 178, 174]",2,9,80
680,"[5, 43, 41, 0, 179, 9, 179, 174]",2,9,80
681,"[6, 43, 41, 0, 179, 9, 179, 174]",2,9,80
682,"[7, 42, 41, 0, 179, 9, 179, 174]",2,9,80
683,"[7, 42, 40, 0, 179, 9, 179, 174]",2,9,80
684,"[5, 42, 39, 0, 179, 9, 179, 174]",2,9,80
685,"[4, 41, 38, 0, 179, 9, 179, 174]",2,9,80
686,"[3, 41, 37, 0, 179, 9, 179, 174]",2,9,80
687,"[2, 41, 36, 0, 179, 9, 179, 174]",2,9,80
688,"[1, 41, 36, 0, 180, 9, 179, 173]",2,9,80
689,"[2, 41, 36, 0, 180, 9, 179, 173]",2,9,80
690,"[2, 40, 35, 0, 180, 9, 179, 173]",2,9,80
691,"[3, 40, 36, 0, 179, 9, 179, 173]",2,9,80
692,"[4, 40, 36, 0, 179, 9, 179, 173]",2,9,80
693,"[4, 40, 36, 0, 180, 9, 179, 173]",2,9,80
694,"[4, 40, 37, 0, 179, 9, 179, 173]",2,9,80
695,"[5, 40, 37, 0, 179, 9, 179, 173]",2,9,80
696,"[6, 39, 38, 0, 179, 9, 179, 173]",2,9,80
697,"[6, 39, 38, 0, 179, 9, 178, 172]",2,9,80
698,"[6, 39, 39, 0, 179, 9, 178, 172]",2,9,80
699,"[6, 39, 39, 0, 179, 9, 178, 172]",2,9,80
700,"[6, 39, 39, 0, 179, 9, 178, 172]",2,9,80
701,"[7, 39, 39, 0, 179, 9, 179, 172]",2,9,80
702,"[7, 39, 39, 0, 179, 9, 179, 172]",2,9,80
703,"[7, 39, 39, 0, 179, 9, 179, 172]",2,9,80
704,"[7, 39, 39, 0, 179, 9, 179, 173]",2,9,80
705,"[7, 40, 38, 0, 178, 9, 179, 173]",2,9,80
706,"[6, 40, 38, 0, 178, 9, 179, 173]",2,9,80
707,"[5, 40, 37, 0, 178, 8, 179, 174]",2,9,80
708,"[4, 40, 37, 0, 178, 8, 179, 174]",2,9,80
709,"[4, 40, 37, 0, 178, 8, 180, 175]",2,9,80
710,"[4, 41, 37, 0, 178, 8, 180, 175]",2,9,80
711,"[4, 41, 37, 0, 178, 8, 180, 175]",2,9,80
712,"[4, 42, 37, 0, 178, 8, 180, 175]",2,9,80
713,"[4, 43, 38, 0, 178, 8, 180, 175]",2,9,80
714,"[4, 44, 39, 0, 178, 8, 180, 175]",2,9,80
715,"[3, 45, 39, 0, 178, 8, 180, 176]",2,9,80
716,"[3, 46, 39, 0, 178, 8, 180, 176]",2,9,80
717,"[2, 54, 41, 0, 178, 8, 179, 176]",2,9,80
718,"[2, 54, 42, 0, 178, 8, 179, 176]",2,9,80
719,"[1, 55, 44, 0, 178, 8, 179, 176]",2,9,80
720,"[0, 54, 44, 0, 178, 8, 179, 176]",2,9,80
721,"[0, 65, 46, 0, 178, 8, 179, 176]",2,9,70
722,"[1, 62, 48, 0, 179, 8, 179, 176]",2,9,70
723,"[0, 58, 46, 0, 179, 8, 179, 176]",2,9,70
724,"[1, 60, 46, 0, 179, 8, 179, 175]",2,9,70
725,"[1, 63, 48, 0, 179, 8, 179, 175]",0,9,70
726,"[1, 73, 49, 0, 179, 8, 179, 175]",0,9,70
727,"[1, 85, 53, 0, 179, 8, 179, 175]",0,9,70
728,"[1, 83, 58, 0, 179, 8, 179, 175]",0,9,70
729,"[1, 97, 69, 0, 179, 8, 179, 175]",0,9,70
730,"[2, 107, 75, 0, 179, 8, 179, 175]",0,9,70
731,"[2, 123, 83, 0, 179, 8, 179, 175]",0,9,70
732,"[2, 115, 93, 0, 179, 8, 179, 175]",0,9,70
733,"[3, 116, 95, 0, 179, 8, 179, 175]",0,9,70
734,"[3, 119, 98, 0, 179, 8, 179, 175]",0,9,70
735,"[4, 126, 110, 0, 180, 8, 179, 175]",0,9,70
736,"[4, 130, 108, 0, 180, 8, 178, 174]",0,9,70
737,"[2, 140, 114, 0, 179, 8, 178, 174]",0,9,70
738,"[1, 147, 121, 0, 178, 8, 178, 174]",0,9,70
739,"[2, 149, 117, 0, 178, 8, 178, 174]",0,9,70
740,"[4, 157, 122, 0, 177, 9, 179, 174]",0,9,70
741,"[6, 159, 131, 0, 177, 9, 179, 175]",0,9,70
742,"[8, 160, 137, 0, 176, 9, 180, 175]",0,9,70
743,"[9, 162, 140, 0, 175, 9, 180, 175]",0,9,70
744,"[9, 163, 142, 0, 175, 9, 180, 175]",0,9,70
745,"[11, 163, 144, 0, 174, 9, 180, 175]",0,9,70
746,"[11, 161, 145, 0, 173, 8, 179, 175]",0,9,70
747,"[12, 159, 145, 0, 173, 8, 179, 175]",0,9,70
748,"[12, 160, 146, 0, 173, 8, 179, 175]",0,9,70
749,"[12, 161, 147, 0, 173, 8, 179, 175]",0,9,70
750,"[13, 163, 151, 0, 173, 8, 179, 175]",0,9,70
751,"[13, 165, 153, 0, 173, 8, 179, 175]",0,9,80
752,"[14, 167, 155, 0, 173, 8, 179, 175]",0,9,80
753,"[14, 169, 156, 0, 173, 8, 179, 175]",0,9,80
754,"[14, 169, 157, 0, 173, 8, 178, 175]",0,9,80
755,"[14, 170, 158, 0, 173, 8, 178, 175]",1,9,80
756,"[14, 171, 158, 0, 173, 8, 178, 174]",1,9,80
757,"[14, 172, 160, 0, 173, 8, 178, 174]",1,9,80
758,"[14, 171, 163, 0, 173, 8, 178, 174]",1,9,80
759,"[14, 170, 163, 0, 173, 8, 178, 174]",1,9,80
760,"[14, 169, 164, 0, 173, 8, 178, 174]",1,9,80
761,"[14, 169, 166, 0, 173, 8, 178, 174]",1,9,80
762,"[14, 169, 166, 0, 173, 8, 178, 173]",1,9,80
763,"[14, 169, 166, 0, 173, 8, 178, 173]",1,9,80
764,"[14, 168, 166, 0, 173, 8, 179, 173]",1,9,80
765,"[14, 168, 166, 0, 174, 8, 179, 173]",1,9,80
766,"[14, 167, 166, 0, 174, 8, 179, 173]",1,9,80
767,"[14, 166, 166, 0, 174, 8, 179, 173]",1,9,80
768,"[13, 164, 166, 0, 174, 8, 179, 174]",1,9,80
769,"[13, 163, 165, 0, 174, 8, 179, 174]",1,9,80
770,"[13, 161, 164, 0, 174, 8, 179, 174]",1,9,80
771,"[12, 161, 164, 0, 175, 8, 179, 174]",1,9,80
772,"[12, 161, 163, 0, 175, 8, 180, 174]",1,9,80
773,"[12, 162, 163, 0, 175, 8, 180, 174]",1,9,80
774,"[12, 162, 163, 0, 175, 8, 180, 174]",1,9,80
775,"[12, 162, 163, 0, 175, 8, 180, 174]",1,9,80
776,"[12, 162, 163, 0, 175, 8, 180, 174]",1,9,80
777,"[12, 162, 163, 0, 175, 8, 180, 174]",1,9,80
778,"[12, 162, 163, 0, 175, 8, 180, 174]",1,9,80
779,"[12, 162, 164, 0, 175, 8, 180, 174]",1,9,80
780,"[12, 162, 164, 0, 175, 8, 179, 174]",1,9,80
781,"[12, 162, 164, 0, 175, 8, 179, 174]",1,9,80
782,"[12, 162, 164, 0, 175, 8, 179, 174]",1,9,80
783,"[12, 162, 164, 0, 175, 8, 179, 174]",1,9,80
784,"[11, 162, 164, 0, 175, 8, 179, 174]",1,9,80
785,"[11, 163, 164, 0, 175, 8, 179, 174]",1,9,80
786,"[11, 163, 164, 0, 175, 8, 179, 175]",1,9,80
787,"[11, 163, 164, 0, 175, 8, 179, 175]",1,9,80
788,"[11, 163, 164, 0, 175, 8, 179, 175]",1,9,80
789,"[11, 163, 164, 0, 175, 8, 179, 175]",1,9,80
790,"[11, 163, 164, 0, 175, 8, 179, 175]",1,9,80
791,"[11, 163, 164, 0, 175, 8, 179, 175]",1,9,80
792,"[11, 163, 164, 0, 175, 8, 179, 175]",1,9,80
793,"[11, 163, 164, 0, 175, 8, 179, 175]",1,9,80
794,"[10, 163, 163, 0, 175, 8, 179, 176]",1,9,80
795,"[10, 164, 163, 0, 175, 8, 179, 176]",1,9,80
796,"[9, 164, 163, 0, 175, 8, 178, 176]",1,9,80
797,"[9, 164, 163, 0, 175, 8, 178, 176]",1,9,80
798,"[9, 164, 163, 0, 175, 8, 178, 176]",1,9,80
799,"[9, 164, 163, 0, 175, 8, 178, 175]",1,9,80
800,"[9, 164, 164, 0, 175, 8, 178, 175]",1,9,80
801,"[10, 164, 164, 0, 175, 8, 178, 175]",1,9,80
802,"[10, 164, 164, 0, 176, 8, 178, 175]",1,9,80
803,"[10, 164, 164, 0, 176, 8, 178, 174]",1,9,80
804,"[10, 163, 165, 0, 176, 8, 178, 174]",1,9,80
805,"[10, 162, 166, 0, 176, 8, 179, 174]",1,9,80
806,"[10, 160, 166, 0, 176, 8, 179, 173]",1,9,80
807,"[9, 160, 165, 0, 176, 8, 179, 173]",1,9,80
808,"[9, 160, 165, 0, 176, 8, 178, 173]",1,9,80
809,"[9, 161, 165, 0, 176, 8, 178, 173]",1,9,80
810,"[8, 162, 163, 0, 176, 9, 178, 173]",1,9,80
811,"[9, 163, 162, 0, 176, 8, 178, 173]",1,9,80
812,"[9, 163, 162, 0, 176, 8, 178, 173]",1,9,80
813,"[9, 163, 161, 0, 176, 8, 178, 173]",1,9,80
814,"[9, 160, 161, 0, 176, 8, 178, 173]",1,9,80
815,"[9, 157, 160, 0, 176, 8, 178, 173]",0,9,80
816,"[8, 156, 158, 0, 176, 8, 178, 173]",0,9,80
817,"[8, 153, 156, 0, 176, 8, 178, 173]",0,9,80
818,"[8, 157, 156, 0, 177, 8, 177, 173]",0,9,80
819,"[5, 155, 152, 0, 177, 8, 177, 173]",0,9,80
820,"[4, 150, 142, 0, 178, 8, 177, 173]",0,9,85
821,"[3, 137, 122, 0, 178, 8, 177, 173]",0,9,70
822,"[1, 145, 116, 0, 179, 8, 177, 173]",0,9,70
823,"[1, 156, 110, 0, 179, 8, 177, 173]",0,9,70
824,"[1, 137, 103, 0, 180, 8, 177, 172]",0,9,70
825,"[1, 131, 101, 0, 180, 8, 178, 172]",0,9,70
826,"[2, 115, 96, 0, 180, 8, 178, 172]",0,9,70
827,"[3, 149, 93, 0, 180, 8, 178, 172]",0,9,60
828,"[3, 159, 94, 0, 179, 8, 178, 171]",0,9,60
829,"[2, 160, 98, 0, 179, 8, 179, 171]",0,9,60
830,"[1, 156, 82, 0, 179, 8, 179, 171]",0,9,60
831,"[2, 51, 72, 0, 179, 8, 179, 171]",0,9,70
832,"[3, 43, 65, 0, 178, 8, 179, 171]",0,9,70
833,"[3, 40, 57, 0, 178, 8, 179, 171]",0,9,70
834,"[2, 43, 53, 0, 178, 8, 179, 171]",0,9,70
835,"[2, 45, 51, 0, 179, 8, 179, 171]",2,9,70
836,"[2, 45, 51, 0, 179, 8, 178, 171]",2,9,70
837,"[2, 43, 51, 0, 179, 8, 178, 172]",2,9,70
838,"[3, 43, 50, 0, 179, 8, 179, 172]",2,9,70
839,"[3, 42, 49, 0, 180, 8, 179, 173]",2,9,70
840,"[3, 41, 48, 0, 180, 8, 179, 173]",2,9,70
841,"[3, 41, 47, 0, 180, 8, 179, 173]",2,9,70
842,"[3, 40, 45, 0, 180, 8, 179, 173]",2,9,70
843,"[3, 39, 44, 0, 179, 8, 179, 174]",2,9,70
844,"[4, 39, 44, 0, 179, 8, 179, 174]",2,9,70
845,"[3, 38, 43, 0, 179, 8, 180, 174]",2,9,70
846,"[4, 37, 42, 0, 179, 8, 179, 174]",2,9,70
