,Frames,Angles,Phase,Score
0,0,"[1, 176, 177, 0, 180, 15, 177, 178]",Down,100
1,1,"[2, 176, 177, 0, 180, 14, 178, 178]",Down,100
2,2,"[2, 176, 177, 0, 180, 14, 179, 178]",Down,100
3,3,"[2, 176, 177, 0, 179, 14, 179, 178]",Down,100
4,4,"[2, 176, 177, 0, 179, 14, 179, 179]",Down,100
5,5,"[2, 176, 177, 0, 179, 14, 179, 179]",Down,100
6,6,"[2, 176, 177, 0, 179, 14, 179, 179]",Down,100
7,7,"[2, 176, 177, 0, 179, 14, 179, 179]",Down,100
8,8,"[2, 176, 177, 0, 179, 14, 179, 179]",Down,100
9,9,"[2, 176, 177, 0, 179, 14, 179, 179]",Down,100
10,10,"[2, 176, 177, 0, 179, 14, 179, 179]",Down,100
11,11,"[2, 176, 177, 0, 179, 14, 179, 179]",Down,100
12,12,"[2, 175, 177, 0, 179, 14, 179, 179]",Down,100
13,13,"[2, 175, 177, 0, 179, 13, 180, 179]",Down,100
14,14,"[2, 174, 177, 0, 179, 13, 180, 179]",Down,100
15,15,"[2, 174, 176, 0, 179, 13, 180, 178]",Down,100
16,16,"[2, 173, 176, 0, 179, 13, 180, 178]",Down,100
17,17,"[2, 173, 176, 0, 179, 13, 180, 178]",Down,100
18,18,"[2, 172, 175, 0, 179, 13, 180, 178]",Down,100
19,19,"[2, 172, 175, 0, 179, 13, 180, 178]",Down,100
20,20,"[2, 171, 174, 0, 179, 13, 180, 178]",Down,100
21,21,"[2, 171, 173, 0, 179, 13, 180, 178]",Null,100
22,22,"[2, 170, 172, 0, 179, 13, 180, 178]",Null,100
23,23,"[2, 167, 170, 0, 179, 13, 180, 178]",Null,100
24,24,"[2, 165, 169, 0, 179, 13, 179, 178]",Null,100
25,25,"[2, 163, 167, 0, 179, 13, 179, 178]",Null,100
26,26,"[2, 161, 164, 0, 179, 13, 179, 179]",Null,100
27,27,"[1, 155, 154, 0, 179, 13, 179, 179]",Null,100
28,28,"[1, 141, 139, 0, 180, 13, 179, 179]",Null,100
29,29,"[1, 114, 128, 0, 180, 12, 179, 179]",Null,100
30,30,"[1, 60, 110, 0, 180, 12, 179, 179]",Null,100
31,31,"[1, 36, 70, 0, 180, 12, 179, 179]",Null,100
32,32,"[1, 26, 36, 0, 179, 12, 179, 179]",Null,100
33,33,"[1, 21, 22, 0, 179, 12, 179, 179]",Null,100
34,34,"[1, 17, 20, 0, 179, 12, 179, 179]",Null,100
35,35,"[1, 14, 17, 0, 179, 12, 179, 179]",Null,100
36,36,"[1, 13, 15, 0, 179, 12, 179, 179]",Null,100
37,37,"[1, 12, 13, 0, 179, 12, 179, 179]",Up,100
38,38,"[0, 12, 12, 0, 179, 12, 179, 179]",Up,100
39,39,"[1, 11, 11, 0, 179, 12, 179, 179]",Up,100
40,40,"[1, 11, 9, 0, 179, 12, 179, 178]",Up,100
41,41,"[1, 10, 9, 0, 179, 12, 179, 178]",Up,100
42,42,"[1, 10, 9, 0, 179, 12, 179, 178]",Up,100
43,43,"[1, 9, 9, 0, 179, 13, 179, 178]",Up,100
44,44,"[1, 9, 9, 0, 179, 13, 179, 178]",Up,100
45,45,"[2, 8, 8, 0, 179, 13, 179, 178]",Up,100
46,46,"[2, 8, 8, 0, 179, 13, 179, 178]",Up,100
47,47,"[2, 8, 8, 0, 179, 13, 179, 178]",Up,100
48,48,"[2, 8, 8, 0, 179, 13, 179, 178]",Up,100
49,49,"[2, 8, 8, 0, 179, 13, 179, 178]",Up,100
50,50,"[2, 7, 8, 0, 179, 13, 179, 178]",Up,100
51,51,"[3, 7, 8, 0, 179, 13, 179, 178]",Up,100
52,52,"[3, 7, 8, 0, 179, 13, 179, 178]",Up,100
53,53,"[3, 7, 8, 0, 179, 13, 179, 178]",Up,100
54,54,"[3, 7, 8, 0, 179, 13, 179, 178]",Up,100
55,55,"[3, 7, 8, 0, 179, 13, 179, 178]",Up,100
56,56,"[3, 7, 8, 0, 179, 13, 179, 178]",Up,100
57,57,"[3, 7, 8, 0, 179, 13, 179, 178]",Up,100
58,58,"[3, 7, 8, 0, 179, 13, 179, 178]",Up,100
59,59,"[3, 7, 8, 0, 179, 13, 179, 178]",Up,100
60,60,"[3, 7, 8, 0, 179, 13, 179, 178]",Up,100
61,61,"[3, 7, 8, 0, 179, 13, 179, 179]",Up,100
62,62,"[3, 7, 8, 0, 179, 13, 179, 179]",Up,100
63,63,"[3, 7, 8, 0, 179, 13, 179, 179]",Up,100
64,64,"[3, 7, 8, 0, 179, 13, 179, 179]",Up,100
65,65,"[3, 7, 8, 0, 179, 13, 179, 179]",Up,100
66,66,"[3, 7, 8, 0, 179, 13, 179, 179]",Up,100
67,67,"[3, 7, 8, 0, 178, 13, 179, 179]",Up,100
68,68,"[3, 7, 8, 0, 178, 13, 179, 179]",Up,100
69,69,"[3, 7, 8, 0, 178, 13, 179, 179]",Up,100
70,70,"[3, 8, 8, 0, 178, 13, 179, 179]",Up,100
71,71,"[3, 8, 8, 0, 178, 13, 179, 179]",Up,100
72,72,"[3, 8, 8, 0, 178, 13, 179, 179]",Up,100
73,73,"[3, 8, 8, 0, 178, 13, 179, 179]",Up,100
74,74,"[2, 9, 8, 0, 178, 13, 179, 179]",Up,100
75,75,"[2, 9, 8, 0, 178, 13, 179, 179]",Up,100
76,76,"[2, 10, 8, 0, 179, 13, 179, 179]",Up,100
77,77,"[2, 10, 9, 0, 179, 13, 179, 179]",Up,100
78,78,"[2, 11, 10, 0, 179, 13, 179, 178]",Up,100
79,79,"[2, 12, 11, 0, 179, 13, 179, 178]",Up,100
80,80,"[1, 13, 12, 0, 179, 13, 179, 178]",Up,100
81,81,"[1, 13, 13, 0, 179, 13, 179, 178]",Up,100
82,82,"[1, 14, 15, 0, 179, 13, 179, 178]",Up,100
83,83,"[1, 15, 17, 0, 179, 13, 179, 178]",Up,100
84,84,"[1, 16, 17, 0, 179, 13, 179, 178]",Up,100
85,85,"[0, 18, 19, 0, 179, 13, 179, 178]",Null,100
86,86,"[0, 22, 24, 0, 179, 13, 179, 179]",Null,100
87,87,"[0, 27, 39, 0, 179, 13, 179, 179]",Null,90
88,88,"[0, 33, 49, 0, 180, 13, 179, 179]",Null,90
89,89,"[0, 50, 73, 0, 180, 13, 179, 179]",Null,90
90,90,"[0, 82, 106, 0, 180, 13, 179, 180]",Null,90
91,91,"[0, 131, 132, 0, 179, 13, 179, 180]",Null,100
92,92,"[0, 161, 150, 0, 179, 13, 179, 180]",Null,100
93,93,"[0, 167, 158, 0, 179, 13, 179, 180]",Null,100
94,94,"[0, 169, 165, 0, 180, 13, 179, 179]",Null,100
95,95,"[0, 170, 165, 0, 180, 13, 179, 179]",Null,100
96,96,"[1, 170, 168, 0, 180, 13, 179, 179]",Null,100
97,97,"[1, 170, 170, 0, 180, 13, 179, 179]",Null,100
98,98,"[1, 172, 171, 0, 180, 13, 179, 179]",Null,100
99,99,"[1, 172, 172, 0, 180, 13, 179, 179]",Down,100
100,100,"[1, 172, 172, 0, 180, 13, 179, 179]",Down,100
101,101,"[1, 172, 173, 0, 180, 13, 179, 179]",Down,100
102,102,"[1, 172, 173, 0, 179, 13, 179, 179]",Down,100
103,103,"[2, 171, 174, 0, 179, 13, 179, 179]",Down,100
104,104,"[2, 171, 174, 0, 179, 13, 179, 179]",Down,100
105,105,"[2, 171, 173, 0, 179, 13, 179, 178]",Down,100
106,106,"[2, 171, 173, 0, 179, 13, 179, 178]",Down,100
107,107,"[2, 171, 173, 0, 179, 13, 179, 178]",Down,100
108,108,"[2, 171, 173, 0, 179, 13, 179, 178]",Down,100
109,109,"[2, 171, 173, 0, 179, 13, 179, 178]",Down,100
110,110,"[2, 172, 173, 0, 179, 13, 179, 178]",Down,100
111,111,"[2, 172, 173, 0, 179, 13, 179, 178]",Down,100
112,112,"[2, 172, 173, 0, 179, 13, 179, 178]",Down,100
113,113,"[2, 173, 173, 0, 179, 13, 179, 178]",Down,100
114,114,"[2, 173, 173, 0, 179, 13, 179, 178]",Down,100
115,115,"[2, 173, 173, 0, 179, 13, 179, 178]",Down,100
116,116,"[2, 173, 173, 0, 179, 13, 179, 178]",Down,100
117,117,"[2, 173, 173, 0, 179, 13, 179, 178]",Down,100
118,118,"[2, 174, 174, 0, 179, 13, 179, 178]",Down,100
119,119,"[2, 174, 174, 0, 179, 13, 178, 178]",Down,100
120,120,"[2, 174, 174, 0, 179, 13, 178, 178]",Down,100
121,121,"[2, 174, 174, 0, 179, 13, 178, 178]",Down,100
122,122,"[2, 174, 174, 0, 179, 13, 178, 178]",Down,100
123,123,"[2, 174, 174, 0, 179, 13, 178, 178]",Down,100
124,124,"[2, 174, 174, 0, 179, 13, 178, 178]",Down,100
125,125,"[2, 174, 174, 0, 179, 13, 178, 178]",Down,100
126,126,"[2, 174, 174, 0, 179, 13, 178, 178]",Down,100
127,127,"[2, 175, 174, 0, 179, 13, 178, 178]",Down,100
128,128,"[2, 175, 174, 0, 179, 13, 178, 179]",Down,100
129,129,"[2, 175, 174, 0, 179, 13, 178, 179]",Down,100
130,130,"[2, 175, 175, 0, 179, 13, 179, 179]",Down,100
131,131,"[2, 175, 175, 0, 179, 13, 179, 179]",Down,100
132,132,"[2, 175, 175, 0, 179, 13, 178, 179]",Down,100
133,133,"[2, 175, 175, 0, 179, 13, 178, 179]",Down,100
134,134,"[2, 175, 175, 0, 179, 13, 178, 179]",Down,100
135,135,"[2, 175, 175, 0, 179, 13, 178, 179]",Down,100
136,136,"[2, 175, 175, 0, 179, 13, 179, 179]",Down,100
137,137,"[2, 175, 175, 0, 179, 13, 179, 179]",Down,100
138,138,"[2, 175, 175, 0, 179, 13, 179, 179]",Down,100
139,139,"[2, 175, 175, 0, 179, 13, 179, 179]",Down,100
140,140,"[2, 175, 175, 0, 179, 13, 179, 179]",Down,100
141,141,"[2, 175, 175, 0, 179, 13, 179, 179]",Down,100
142,142,"[2, 175, 175, 0, 179, 13, 179, 179]",Down,100
143,143,"[2, 174, 175, 0, 179, 13, 179, 179]",Down,100
144,144,"[2, 174, 175, 0, 179, 13, 179, 179]",Down,100
145,145,"[2, 173, 175, 0, 179, 13, 179, 179]",Down,100
146,146,"[2, 173, 175, 0, 179, 13, 179, 178]",Down,100
147,147,"[2, 172, 175, 0, 179, 13, 179, 178]",Down,100
148,148,"[2, 172, 174, 0, 179, 13, 179, 178]",Down,100
149,149,"[2, 171, 174, 0, 179, 13, 179, 178]",Null,100
150,150,"[2, 170, 173, 0, 179, 13, 179, 178]",Null,100
151,151,"[2, 169, 173, 0, 179, 13, 179, 178]",Null,100
152,152,"[2, 168, 173, 0, 179, 13, 179, 178]",Null,100
153,153,"[2, 165, 172, 0, 179, 13, 179, 178]",Null,100
154,154,"[2, 164, 171, 0, 179, 13, 179, 178]",Null,100
155,155,"[2, 163, 170, 0, 179, 12, 179, 178]",Null,100
156,156,"[2, 156, 163, 0, 179, 12, 179, 178]",Null,100
157,157,"[2, 139, 152, 0, 179, 12, 179, 178]",Null,100
158,158,"[2, 114, 127, 0, 179, 12, 179, 178]",Null,100
159,159,"[2, 77, 72, 0, 179, 12, 179, 178]",Null,100
160,160,"[2, 50, 46, 0, 179, 12, 179, 178]",Null,100
161,161,"[2, 35, 32, 0, 179, 12, 179, 178]",Null,100
162,162,"[2, 24, 28, 0, 179, 12, 179, 178]",Null,100
163,163,"[2, 18, 23, 0, 179, 12, 179, 178]",Null,100
164,164,"[2, 15, 19, 0, 179, 12, 179, 178]",Up,100
165,165,"[2, 13, 14, 0, 178, 13, 179, 178]",Up,100
166,166,"[2, 12, 12, 0, 178, 13, 179, 178]",Up,100
167,167,"[2, 11, 11, 0, 178, 13, 179, 178]",Up,100
168,168,"[2, 11, 10, 0, 178, 13, 179, 178]",Up,100
169,169,"[2, 10, 9, 0, 178, 13, 179, 178]",Up,100
170,170,"[2, 9, 9, 0, 178, 13, 179, 178]",Up,100
171,171,"[2, 8, 8, 0, 178, 13, 179, 178]",Up,100
172,172,"[2, 8, 8, 0, 178, 13, 179, 178]",Up,100
173,173,"[3, 8, 8, 0, 178, 13, 179, 178]",Up,100
174,174,"[3, 8, 8, 0, 178, 13, 179, 178]",Up,100
175,175,"[3, 8, 8, 0, 178, 13, 179, 178]",Up,100
176,176,"[3, 8, 8, 0, 178, 13, 179, 178]",Up,100
177,177,"[3, 8, 8, 0, 179, 13, 179, 178]",Up,100
178,178,"[3, 8, 8, 0, 179, 13, 179, 178]",Up,100
179,179,"[3, 8, 8, 0, 179, 13, 179, 178]",Up,100
180,180,"[3, 8, 8, 0, 179, 13, 179, 178]",Up,100
181,181,"[3, 8, 8, 0, 179, 13, 179, 178]",Up,100
182,182,"[3, 8, 9, 0, 179, 13, 179, 178]",Up,100
183,183,"[4, 8, 9, 0, 178, 13, 179, 178]",Up,100
184,184,"[4, 8, 9, 0, 178, 13, 179, 178]",Up,100
185,185,"[4, 8, 9, 0, 178, 13, 179, 178]",Up,100
186,186,"[4, 8, 9, 0, 178, 13, 179, 178]",Up,100
187,187,"[4, 8, 9, 0, 178, 13, 179, 178]",Up,100
188,188,"[4, 8, 9, 0, 178, 13, 179, 178]",Up,100
189,189,"[4, 8, 9, 0, 178, 13, 179, 178]",Up,100
190,190,"[4, 8, 9, 0, 178, 13, 179, 179]",Up,100
191,191,"[4, 8, 9, 0, 178, 13, 179, 178]",Up,100
192,192,"[4, 8, 9, 0, 178, 13, 179, 178]",Up,100
193,193,"[4, 8, 9, 0, 178, 13, 179, 178]",Up,100
194,194,"[4, 8, 9, 0, 178, 13, 179, 178]",Up,100
195,195,"[3, 9, 9, 0, 179, 13, 179, 178]",Up,100
196,196,"[3, 10, 10, 0, 179, 13, 179, 178]",Up,100
197,197,"[3, 10, 10, 0, 179, 13, 179, 178]",Up,100
198,198,"[3, 12, 11, 0, 179, 13, 179, 178]",Up,100
199,199,"[3, 13, 12, 0, 179, 13, 179, 178]",Up,100
200,200,"[3, 14, 13, 0, 179, 13, 179, 178]",Up,100
201,201,"[2, 15, 15, 0, 179, 13, 179, 178]",Up,100
202,202,"[2, 17, 16, 0, 179, 13, 179, 178]",Up,100
203,203,"[2, 18, 18, 0, 179, 13, 179, 178]",Up,100
204,204,"[2, 19, 20, 0, 179, 13, 179, 178]",Null,100
205,205,"[1, 22, 20, 0, 179, 13, 179, 178]",Null,100
206,206,"[1, 27, 25, 0, 179, 13, 179, 178]",Null,90
207,207,"[1, 33, 39, 0, 179, 13, 179, 178]",Null,90
208,208,"[1, 51, 66, 0, 179, 13, 179, 178]",Null,100
209,209,"[2, 85, 96, 0, 179, 13, 179, 178]",Null,100
210,210,"[2, 129, 131, 0, 179, 13, 179, 179]",Null,100
211,211,"[2, 155, 154, 0, 179, 12, 179, 179]",Null,100
212,212,"[2, 165, 163, 0, 179, 12, 179, 179]",Null,100
213,213,"[2, 168, 167, 0, 179, 12, 179, 179]",Null,100
214,214,"[2, 168, 169, 0, 179, 13, 179, 179]",Null,100
215,215,"[2, 169, 169, 0, 179, 13, 179, 179]",Null,100
216,216,"[2, 170, 171, 0, 179, 13, 179, 179]",Null,100
217,217,"[2, 171, 172, 0, 179, 13, 179, 179]",Null,100
218,218,"[2, 171, 173, 0, 179, 13, 179, 179]",Null,100
219,219,"[2, 172, 173, 0, 179, 13, 179, 179]",Null,100
220,220,"[2, 172, 174, 0, 179, 13, 179, 178]",Null,100
221,221,"[3, 172, 174, 0, 179, 13, 179, 178]",Null,100
222,222,"[3, 172, 174, 0, 179, 13, 179, 178]",Down,100
223,223,"[3, 172, 174, 0, 179, 13, 178, 178]",Down,100
224,224,"[3, 172, 173, 0, 179, 13, 178, 178]",Down,100
225,225,"[3, 172, 174, 0, 179, 13, 178, 178]",Down,100
226,226,"[3, 172, 174, 0, 179, 13, 178, 178]",Down,100
227,227,"[3, 173, 174, 0, 179, 13, 178, 178]",Down,100
228,228,"[3, 173, 174, 0, 179, 13, 178, 178]",Down,100
229,229,"[3, 173, 174, 0, 179, 13, 178, 178]",Down,100
230,230,"[3, 173, 174, 0, 179, 13, 178, 178]",Down,100
231,231,"[3, 173, 174, 0, 179, 13, 178, 178]",Down,100
232,232,"[3, 173, 174, 0, 179, 13, 178, 178]",Down,100
233,233,"[3, 174, 174, 0, 179, 13, 178, 178]",Down,100
234,234,"[3, 174, 174, 0, 179, 13, 178, 178]",Down,100
235,235,"[3, 174, 174, 0, 179, 13, 178, 178]",Down,100
236,236,"[3, 174, 175, 0, 179, 13, 178, 178]",Down,100
237,237,"[3, 174, 175, 0, 179, 13, 179, 178]",Down,100
238,238,"[3, 174, 175, 0, 179, 13, 179, 178]",Down,100
239,239,"[3, 174, 175, 0, 179, 13, 179, 178]",Down,100
240,240,"[3, 174, 175, 0, 179, 13, 179, 178]",Down,100
241,241,"[3, 175, 175, 0, 179, 13, 179, 178]",Down,100
242,242,"[3, 175, 175, 0, 179, 13, 179, 179]",Down,100
243,243,"[3, 175, 175, 0, 179, 13, 179, 179]",Down,100
244,244,"[3, 175, 175, 0, 179, 13, 179, 179]",Down,100
245,245,"[3, 175, 175, 0, 179, 13, 179, 179]",Down,100
246,246,"[3, 175, 175, 0, 179, 13, 179, 179]",Down,100
247,247,"[3, 175, 175, 0, 179, 13, 179, 179]",Down,100
248,248,"[3, 175, 175, 0, 179, 14, 179, 179]",Down,100
249,249,"[3, 175, 175, 0, 179, 13, 179, 179]",Down,100
250,250,"[3, 175, 175, 0, 179, 14, 179, 179]",Down,100
251,251,"[3, 175, 175, 0, 179, 14, 179, 179]",Down,100
252,252,"[3, 175, 176, 0, 179, 14, 179, 179]",Down,100
253,253,"[17, 180, 173, 0, 172, 8, 176, 178]",Down,100
254,254,"[16, 180, 173, 0, 173, 8, 177, 178]",Down,100
255,255,"[16, 180, 174, 0, 173, 8, 178, 178]",Down,100
256,256,"[16, 180, 174, 0, 173, 8, 178, 178]",Down,100
257,257,"[16, 180, 175, 0, 173, 8, 178, 178]",Down,100
258,258,"[16, 180, 175, 0, 173, 8, 178, 178]",Down,100
259,259,"[16, 179, 175, 0, 173, 8, 178, 178]",Down,100
260,260,"[16, 179, 175, 0, 173, 8, 178, 178]",Down,100
261,261,"[16, 179, 175, 0, 173, 8, 178, 178]",Down,100
262,262,"[16, 179, 175, 0, 173, 9, 178, 178]",Down,100
263,263,"[16, 179, 174, 0, 173, 9, 178, 178]",Down,100
264,264,"[16, 179, 174, 0, 173, 8, 179, 178]",Down,100
265,265,"[16, 179, 174, 0, 173, 8, 179, 178]",Down,100
266,266,"[16, 179, 172, 0, 173, 8, 179, 178]",Down,100
267,267,"[16, 179, 172, 0, 173, 8, 179, 178]",Down,100
268,268,"[16, 178, 170, 0, 172, 8, 179, 177]",Down,100
269,269,"[17, 177, 169, 0, 172, 8, 179, 178]",Down,100
270,270,"[17, 175, 168, 0, 173, 8, 179, 178]",Down,100
271,271,"[17, 174, 166, 0, 173, 8, 180, 178]",Down,100
272,272,"[16, 171, 164, 0, 175, 9, 179, 178]",Down,100
273,273,"[17, 168, 161, 0, 175, 8, 179, 179]",Down,100
274,274,"[17, 165, 158, 0, 175, 8, 178, 179]",Down,100
275,275,"[17, 164, 155, 0, 175, 8, 179, 179]",Down,100
276,276,"[17, 160, 149, 0, 176, 8, 179, 180]",Down,100
277,277,"[17, 156, 145, 0, 176, 8, 179, 179]",Down,100
278,278,"[17, 152, 141, 0, 176, 8, 179, 179]",Down,100
279,279,"[17, 150, 136, 0, 176, 8, 179, 180]",Down,100
280,280,"[17, 147, 133, 0, 176, 8, 179, 180]",Null,100
281,281,"[17, 147, 129, 0, 176, 8, 179, 180]",Null,100
282,282,"[18, 146, 124, 0, 175, 8, 179, 179]",Null,100
283,283,"[17, 155, 121, 0, 175, 8, 180, 179]",Null,100
284,284,"[17, 157, 112, 0, 174, 8, 180, 179]",Null,100
285,285,"[17, 170, 105, 0, 174, 8, 180, 178]",Null,100
286,286,"[16, 164, 97, 0, 173, 7, 180, 177]",Null,100
287,287,"[16, 133, 92, 0, 173, 8, 180, 177]",Null,100
288,288,"[16, 97, 87, 0, 173, 7, 180, 177]",Null,100
289,289,"[16, 86, 79, 0, 173, 7, 180, 177]",Null,100
290,290,"[16, 75, 74, 0, 173, 7, 180, 177]",Up,100
291,291,"[16, 63, 69, 0, 173, 7, 180, 176]",Up,100
292,292,"[16, 61, 69, 0, 173, 7, 180, 176]",Up,100
293,293,"[16, 53, 63, 0, 173, 7, 180, 176]",Up,100
294,294,"[17, 47, 57, 0, 173, 8, 180, 176]",Up,100
295,295,"[17, 43, 53, 0, 173, 8, 180, 176]",Up,100
296,296,"[17, 40, 51, 0, 173, 8, 180, 176]",Up,100
297,297,"[16, 36, 50, 0, 173, 8, 180, 176]",Up,100
298,298,"[16, 31, 47, 0, 173, 8, 180, 176]",Up,100
299,299,"[16, 28, 43, 0, 173, 8, 180, 176]",Up,100
300,300,"[16, 26, 42, 0, 173, 8, 180, 176]",Up,100
301,301,"[16, 25, 40, 0, 174, 8, 180, 176]",Up,100
302,302,"[15, 23, 39, 0, 174, 8, 180, 176]",Up,100
303,303,"[15, 20, 37, 0, 174, 8, 180, 176]",Up,100
304,304,"[15, 19, 36, 0, 174, 7, 180, 176]",Up,100
305,305,"[15, 18, 34, 0, 174, 6, 180, 177]",Up,100
306,306,"[14, 17, 32, 0, 175, 6, 180, 178]",Up,100
307,307,"[13, 16, 29, 0, 175, 6, 180, 178]",Up,100
308,308,"[13, 15, 27, 0, 175, 6, 180, 175]",Up,100
309,309,"[13, 15, 26, 0, 175, 5, 180, 175]",Up,100
310,310,"[12, 14, 25, 0, 175, 5, 180, 174]",Up,100
311,311,"[12, 14, 24, 0, 175, 5, 180, 175]",Up,100
312,312,"[12, 13, 22, 0, 175, 5, 180, 174]",Up,100
313,313,"[12, 12, 21, 0, 175, 5, 180, 174]",Up,100
314,314,"[12, 12, 19, 0, 175, 6, 180, 174]",Up,100
315,315,"[11, 12, 17, 0, 175, 6, 179, 177]",Up,100
316,316,"[11, 12, 16, 0, 176, 6, 179, 177]",Up,100
317,317,"[11, 12, 16, 0, 176, 6, 179, 179]",Up,100
318,318,"[11, 12, 16, 0, 176, 6, 179, 180]",Up,100
319,319,"[11, 12, 16, 0, 175, 6, 179, 180]",Up,100
320,320,"[11, 12, 16, 0, 175, 6, 179, 179]",Up,100
321,321,"[11, 12, 16, 0, 175, 7, 179, 180]",Up,100
322,322,"[11, 11, 16, 0, 175, 7, 179, 179]",Up,100
323,323,"[11, 11, 16, 0, 175, 7, 179, 179]",Up,100
324,324,"[11, 11, 17, 0, 175, 7, 179, 179]",Up,100
325,325,"[11, 11, 17, 0, 175, 7, 179, 180]",Up,100
326,326,"[11, 11, 17, 0, 175, 7, 179, 179]",Up,100
327,327,"[11, 11, 17, 0, 175, 7, 178, 178]",Up,100
328,328,"[11, 11, 19, 0, 175, 7, 179, 177]",Up,100
329,329,"[12, 11, 21, 0, 175, 6, 179, 175]",Up,100
330,330,"[12, 12, 25, 0, 175, 6, 179, 175]",Up,100
331,331,"[13, 13, 27, 0, 175, 6, 179, 174]",Up,100
332,332,"[13, 14, 31, 0, 174, 6, 179, 173]",Up,100
333,333,"[14, 16, 38, 0, 174, 6, 179, 174]",Up,100
334,334,"[15, 19, 40, 0, 174, 6, 179, 174]",Up,100
335,335,"[15, 22, 43, 0, 174, 6, 179, 178]",Up,100
336,336,"[16, 26, 46, 0, 174, 6, 179, 180]",Up,100
337,337,"[16, 35, 50, 0, 173, 7, 180, 179]",Up,100
338,338,"[16, 39, 53, 0, 173, 7, 180, 177]",Up,100
339,339,"[17, 45, 57, 0, 173, 7, 180, 177]",Up,100
340,340,"[16, 50, 60, 0, 173, 7, 180, 177]",Up,100
341,341,"[16, 54, 65, 0, 173, 7, 180, 177]",Up,100
342,342,"[17, 60, 71, 0, 173, 7, 180, 177]",Up,100
343,343,"[16, 67, 75, 0, 174, 7, 180, 177]",Null,100
344,344,"[16, 71, 78, 0, 174, 7, 180, 177]",Null,100
345,345,"[16, 69, 82, 0, 174, 7, 179, 177]",Null,100
346,346,"[16, 72, 87, 0, 174, 7, 179, 177]",Null,100
347,347,"[16, 75, 94, 0, 174, 7, 179, 176]",Null,100
348,348,"[16, 80, 98, 0, 174, 7, 179, 176]",Null,100
349,349,"[16, 100, 101, 0, 174, 7, 179, 176]",Null,100
350,350,"[16, 134, 106, 0, 174, 7, 179, 176]",Null,100
351,351,"[17, 140, 111, 0, 174, 8, 179, 176]",Null,100
352,352,"[17, 147, 115, 0, 174, 8, 179, 177]",Null,100
353,353,"[17, 152, 120, 0, 174, 8, 179, 177]",Null,100
354,354,"[17, 150, 124, 0, 174, 8, 179, 177]",Null,100
355,355,"[17, 152, 130, 0, 174, 8, 179, 177]",Null,100
356,356,"[17, 156, 134, 0, 174, 8, 179, 178]",Null,100
357,357,"[17, 157, 137, 0, 174, 8, 179, 177]",Null,100
358,358,"[17, 158, 142, 0, 174, 8, 179, 177]",Null,100
359,359,"[17, 160, 145, 0, 174, 8, 179, 177]",Down,100
360,360,"[17, 160, 149, 0, 174, 8, 180, 178]",Down,100
361,361,"[17, 161, 152, 0, 174, 8, 180, 177]",Down,100
362,362,"[16, 162, 154, 0, 174, 8, 180, 177]",Down,100
363,363,"[16, 163, 156, 0, 174, 8, 180, 177]",Down,100
364,364,"[16, 164, 157, 0, 174, 8, 179, 177]",Down,100
365,365,"[16, 166, 159, 0, 174, 8, 179, 177]",Down,100
366,366,"[16, 167, 160, 0, 174, 7, 179, 177]",Down,100
367,367,"[16, 167, 161, 0, 174, 7, 179, 177]",Down,100
368,368,"[16, 167, 162, 0, 174, 7, 179, 177]",Down,100
369,369,"[15, 168, 164, 0, 174, 7, 180, 177]",Down,100
370,370,"[15, 169, 166, 0, 174, 7, 179, 177]",Down,100
371,371,"[15, 171, 166, 0, 174, 8, 179, 177]",Down,100
372,372,"[15, 173, 167, 0, 174, 8, 179, 177]",Down,100
373,373,"[15, 174, 168, 0, 174, 8, 179, 177]",Down,100
374,374,"[15, 175, 168, 0, 175, 8, 179, 179]",Down,100
375,375,"[15, 177, 169, 0, 175, 8, 179, 180]",Down,100
376,376,"[15, 177, 169, 0, 175, 7, 180, 178]",Down,100
377,377,"[15, 178, 169, 0, 179, 6, 180, 152]",Down,100
378,378,"[15, 178, 170, 0, 180, 6, 180, 154]",Down,100
379,379,"[15, 179, 170, 0, 178, 5, 180, 146]",Down,100
380,380,"[16, 180, 171, 0, 180, 5, 180, 152]",Down,100
381,381,"[16, 179, 171, 0, 176, 5, 179, 171]",Down,100
382,382,"[15, 178, 171, 0, 174, 7, 179, 180]",Down,100
383,383,"[15, 178, 172, 0, 174, 8, 178, 178]",Down,100
384,384,"[15, 177, 172, 0, 174, 8, 178, 177]",Down,100
385,385,"[15, 177, 172, 0, 174, 8, 178, 177]",Down,100
386,386,"[15, 177, 173, 0, 174, 8, 178, 178]",Down,100
387,387,"[15, 177, 173, 0, 174, 8, 178, 179]",Down,100
388,388,"[15, 177, 173, 0, 174, 8, 178, 179]",Down,100
389,389,"[15, 177, 173, 0, 174, 8, 178, 179]",Down,100
390,390,"[15, 178, 173, 0, 174, 8, 178, 178]",Down,100
391,391,"[15, 178, 173, 0, 174, 8, 178, 178]",Down,100
392,392,"[15, 178, 173, 0, 174, 8, 178, 178]",Down,100
393,393,"[15, 179, 173, 0, 175, 8, 178, 180]",Down,100
394,394,"[15, 179, 173, 0, 175, 8, 178, 180]",Down,100
395,395,"[15, 179, 173, 0, 175, 8, 179, 178]",Down,100
396,396,"[15, 180, 173, 0, 175, 8, 178, 178]",Down,100
397,397,"[15, 180, 172, 0, 175, 8, 178, 180]",Down,100
398,398,"[15, 179, 172, 0, 174, 8, 177, 178]",Down,100
399,399,"[15, 178, 170, 0, 174, 8, 177, 178]",Down,100
400,400,"[15, 176, 168, 0, 174, 8, 177, 177]",Down,100
401,401,"[15, 174, 165, 0, 174, 8, 177, 177]",Down,100
402,402,"[15, 172, 164, 0, 175, 8, 178, 177]",Down,100
403,403,"[15, 169, 162, 0, 176, 8, 179, 177]",Down,100
404,404,"[15, 166, 159, 0, 176, 8, 179, 178]",Down,100
405,405,"[15, 164, 156, 0, 177, 8, 180, 178]",Down,100
406,406,"[15, 162, 153, 0, 177, 8, 180, 177]",Down,100
407,407,"[15, 159, 147, 0, 177, 8, 180, 177]",Null,100
408,408,"[14, 156, 140, 0, 177, 8, 180, 177]",Null,100
409,409,"[14, 153, 135, 0, 177, 8, 180, 177]",Null,100
410,410,"[14, 149, 129, 0, 177, 8, 180, 177]",Null,100
411,411,"[14, 148, 124, 0, 177, 8, 180, 178]",Null,100
412,412,"[15, 148, 121, 0, 176, 8, 179, 178]",Null,100
413,413,"[15, 146, 113, 0, 176, 8, 180, 178]",Null,100
414,414,"[16, 132, 104, 0, 175, 8, 180, 178]",Null,100
415,415,"[16, 108, 99, 0, 175, 8, 180, 178]",Null,100
416,416,"[16, 82, 93, 0, 174, 7, 180, 178]",Null,100
417,417,"[16, 60, 84, 0, 174, 6, 180, 178]",Null,100
418,418,"[16, 52, 77, 0, 174, 6, 180, 179]",Null,100
419,419,"[16, 64, 71, 0, 174, 6, 180, 179]",Null,100
420,420,"[16, 61, 68, 0, 174, 6, 180, 178]",Null,100
421,421,"[16, 57, 62, 0, 173, 6, 180, 178]",Up,100
422,422,"[16, 53, 57, 0, 173, 6, 180, 180]",Up,100
423,423,"[16, 44, 54, 0, 173, 6, 180, 179]",Up,100
424,424,"[16, 37, 51, 0, 173, 6, 180, 179]",Up,100
425,425,"[15, 30, 47, 0, 174, 6, 180, 179]",Up,100
426,426,"[15, 28, 44, 0, 174, 6, 180, 179]",Up,100
427,427,"[15, 25, 42, 0, 174, 6, 180, 179]",Up,100
428,428,"[14, 22, 39, 0, 174, 6, 180, 179]",Up,100
429,429,"[13, 18, 36, 0, 175, 6, 180, 180]",Up,100
430,430,"[14, 16, 33, 0, 175, 5, 180, 177]",Up,100
431,431,"[14, 15, 30, 0, 175, 5, 180, 176]",Up,100
432,432,"[12, 15, 27, 0, 175, 5, 180, 176]",Up,100
433,433,"[12, 14, 25, 0, 175, 5, 180, 176]",Up,100
434,434,"[11, 13, 24, 0, 175, 6, 180, 175]",Up,100
435,435,"[11, 12, 23, 0, 176, 6, 180, 174]",Up,100
436,436,"[10, 11, 21, 0, 176, 6, 180, 175]",Up,100
437,437,"[10, 10, 20, 0, 176, 6, 180, 175]",Up,100
438,438,"[9, 9, 18, 0, 176, 6, 180, 177]",Up,100
439,439,"[9, 9, 18, 0, 176, 6, 180, 176]",Up,100
440,440,"[9, 8, 18, 0, 176, 6, 180, 177]",Up,100
441,441,"[10, 7, 18, 0, 176, 6, 180, 177]",Up,100
442,442,"[10, 6, 18, 0, 176, 6, 180, 180]",Up,100
443,443,"[10, 6, 18, 0, 176, 6, 180, 179]",Up,100
444,444,"[10, 6, 18, 0, 176, 6, 180, 180]",Up,100
445,445,"[10, 6, 18, 0, 176, 6, 180, 180]",Up,100
446,446,"[10, 6, 18, 0, 176, 6, 180, 179]",Up,100
447,447,"[10, 6, 18, 0, 176, 6, 180, 179]",Up,100
448,448,"[10, 7, 18, 0, 176, 6, 180, 180]",Up,100
449,449,"[10, 7, 18, 0, 176, 6, 180, 179]",Up,100
450,450,"[10, 7, 20, 0, 176, 6, 180, 179]",Up,100
451,451,"[10, 9, 22, 0, 176, 7, 180, 178]",Up,100
452,452,"[11, 11, 25, 0, 175, 6, 180, 178]",Up,100
453,453,"[11, 12, 31, 0, 175, 6, 180, 178]",Up,100
454,454,"[12, 14, 35, 0, 175, 5, 180, 178]",Up,100
455,455,"[12, 17, 38, 0, 175, 5, 180, 178]",Up,100
456,456,"[13, 19, 42, 0, 175, 5, 180, 178]",Up,100
457,457,"[13, 25, 46, 0, 175, 5, 180, 178]",Up,100
458,458,"[14, 32, 50, 0, 174, 6, 180, 180]",Up,100
459,459,"[15, 39, 53, 0, 174, 6, 180, 179]",Up,100
460,460,"[16, 51, 58, 0, 173, 6, 180, 180]",Up,100
461,461,"[16, 60, 61, 0, 173, 6, 180, 179]",Up,100
462,462,"[17, 70, 67, 0, 173, 6, 179, 179]",Null,100
463,463,"[17, 77, 72, 0, 173, 7, 179, 178]",Null,100
464,464,"[17, 80, 77, 0, 173, 7, 180, 178]",Null,100
465,465,"[17, 83, 80, 0, 173, 7, 180, 177]",Null,100
466,466,"[17, 93, 88, 0, 173, 7, 180, 177]",Null,100
467,467,"[17, 91, 94, 0, 173, 7, 180, 177]",Null,100
468,468,"[17, 107, 98, 0, 173, 7, 180, 177]",Null,100
469,469,"[17, 149, 102, 0, 173, 7, 180, 177]",Null,100
470,470,"[17, 147, 110, 0, 173, 7, 180, 177]",Null,100
471,471,"[17, 149, 115, 0, 173, 7, 180, 178]",Null,100
472,472,"[17, 150, 120, 0, 174, 7, 180, 179]",Null,100
473,473,"[17, 150, 125, 0, 174, 7, 180, 178]",Null,100
474,474,"[16, 152, 130, 0, 174, 7, 180, 178]",Null,100
475,475,"[16, 156, 135, 0, 174, 7, 180, 178]",Null,100
476,476,"[16, 157, 138, 0, 174, 7, 180, 177]",Null,100
477,477,"[16, 157, 141, 0, 174, 7, 179, 177]",Null,100
478,478,"[16, 159, 146, 0, 174, 8, 179, 177]",Null,100
479,479,"[16, 160, 149, 0, 174, 8, 179, 177]",Null,100
480,480,"[16, 161, 152, 0, 175, 8, 179, 177]",Null,100
481,481,"[16, 162, 154, 0, 174, 8, 179, 177]",Down,100
482,482,"[16, 163, 155, 0, 174, 8, 179, 178]",Down,100
483,483,"[16, 164, 156, 0, 174, 7, 179, 177]",Down,100
484,484,"[16, 165, 158, 0, 175, 6, 179, 180]",Down,100
485,485,"[16, 166, 159, 0, 175, 6, 179, 179]",Down,100
486,486,"[16, 168, 162, 0, 175, 6, 179, 180]",Down,100
487,487,"[16, 169, 164, 0, 175, 5, 179, 179]",Down,100
488,488,"[15, 170, 166, 0, 175, 5, 179, 178]",Down,100
489,489,"[15, 172, 167, 0, 175, 5, 179, 178]",Down,100
490,490,"[15, 174, 168, 0, 176, 6, 180, 177]",Down,100
491,491,"[15, 176, 168, 0, 177, 6, 180, 171]",Down,100
492,492,"[15, 177, 169, 0, 177, 6, 180, 169]",Down,100
493,493,"[15, 178, 170, 0, 177, 7, 179, 172]",Down,100
494,494,"[15, 179, 170, 0, 177, 7, 179, 173]",Down,100
495,495,"[15, 180, 171, 0, 176, 7, 179, 174]",Down,100
496,496,"[14, 180, 171, 0, 176, 8, 179, 177]",Down,100
497,497,"[14, 180, 172, 0, 176, 8, 179, 178]",Down,100
498,498,"[14, 180, 172, 0, 175, 8, 179, 179]",Down,100
499,499,"[14, 180, 173, 0, 175, 8, 178, 180]",Down,100
500,500,"[14, 179, 173, 0, 175, 8, 178, 180]",Down,100
501,501,"[14, 179, 173, 0, 175, 8, 178, 180]",Down,100
502,502,"[14, 179, 173, 0, 175, 8, 178, 180]",Down,100
503,503,"[14, 179, 173, 0, 174, 8, 177, 180]",Down,100
504,504,"[14, 179, 173, 0, 174, 8, 177, 179]",Down,100
505,505,"[14, 179, 173, 0, 174, 8, 177, 180]",Down,100
506,506,"[3, 179, 178, 0, 180, 10, 178, 177]",Down,100
507,507,"[3, 179, 178, 0, 180, 10, 178, 177]",Down,100
508,508,"[3, 179, 178, 0, 180, 10, 178, 177]",Down,100
509,509,"[3, 179, 178, 0, 180, 10, 178, 177]",Down,100
510,510,"[3, 179, 178, 0, 180, 10, 178, 177]",Down,100
511,511,"[3, 179, 178, 0, 180, 10, 178, 178]",Down,100
512,512,"[3, 180, 178, 0, 180, 10, 178, 178]",Down,100
513,513,"[3, 180, 178, 0, 180, 10, 177, 178]",Down,100
514,514,"[3, 179, 178, 0, 180, 10, 178, 178]",Down,100
515,515,"[3, 179, 178, 0, 180, 10, 177, 178]",Down,100
516,516,"[2, 179, 178, 0, 180, 10, 177, 178]",Down,100
517,517,"[2, 179, 178, 0, 180, 10, 177, 177]",Down,100
518,518,"[2, 179, 178, 0, 180, 10, 178, 177]",Down,100
519,519,"[3, 179, 178, 0, 180, 10, 178, 177]",Down,100
520,520,"[3, 179, 178, 0, 180, 10, 178, 177]",Down,100
521,521,"[3, 179, 178, 0, 180, 10, 178, 177]",Down,100
522,522,"[3, 179, 178, 0, 180, 10, 178, 177]",Down,100
523,523,"[3, 180, 178, 0, 180, 10, 178, 177]",Down,100
524,524,"[3, 180, 178, 0, 180, 10, 178, 177]",Down,100
525,525,"[3, 179, 178, 0, 180, 10, 178, 177]",Down,100
526,526,"[3, 179, 178, 0, 180, 10, 179, 177]",Down,100
527,527,"[3, 179, 178, 0, 180, 10, 179, 177]",Down,100
528,528,"[3, 179, 177, 0, 180, 10, 179, 178]",Down,100
529,529,"[2, 179, 177, 0, 180, 10, 179, 178]",Null,100
530,530,"[2, 178, 177, 0, 180, 9, 179, 178]",Null,100
531,531,"[2, 178, 178, 0, 180, 9, 179, 178]",Null,100
532,532,"[2, 178, 177, 0, 180, 9, 179, 178]",Null,100
533,533,"[2, 178, 177, 0, 180, 9, 179, 178]",Null,100
534,534,"[2, 177, 178, 0, 180, 9, 179, 178]",Null,100
535,535,"[2, 176, 178, 0, 180, 9, 179, 178]",Null,100
536,536,"[2, 175, 178, 0, 180, 9, 179, 178]",Null,90
537,537,"[2, 174, 178, 0, 180, 9, 179, 178]",Null,90
538,538,"[2, 173, 175, 0, 180, 9, 179, 178]",Null,90
539,539,"[2, 170, 176, 0, 180, 9, 179, 178]",Null,90
540,540,"[2, 166, 176, 0, 180, 9, 179, 178]",Null,90
541,541,"[2, 155, 177, 0, 180, 9, 179, 178]",Null,90
542,542,"[2, 23, 8, 0, 180, 9, 179, 178]",Null,90
543,543,"[2, 11, 8, 0, 180, 9, 179, 178]",Null,90
544,544,"[2, 8, 8, 0, 180, 9, 179, 178]",Up,90
545,545,"[2, 6, 8, 0, 180, 9, 179, 178]",Up,90
546,546,"[2, 6, 8, 0, 180, 9, 179, 178]",Up,90
547,547,"[2, 6, 8, 0, 180, 9, 179, 178]",Up,90
548,548,"[2, 6, 7, 0, 180, 9, 179, 178]",Up,90
549,549,"[2, 6, 8, 0, 180, 9, 179, 178]",Up,90
550,550,"[2, 5, 8, 0, 180, 9, 179, 178]",Up,90
551,551,"[2, 5, 8, 0, 180, 9, 179, 178]",Up,90
552,552,"[2, 5, 8, 0, 180, 9, 179, 177]",Up,90
553,553,"[2, 5, 8, 0, 180, 9, 179, 177]",Up,90
554,554,"[2, 5, 8, 0, 180, 9, 179, 178]",Up,90
555,555,"[2, 6, 8, 0, 180, 9, 179, 178]",Up,90
556,556,"[2, 6, 8, 0, 180, 9, 179, 178]",Up,90
557,557,"[2, 6, 8, 0, 180, 9, 179, 178]",Up,90
558,558,"[2, 6, 9, 0, 180, 9, 179, 178]",Up,90
559,559,"[2, 6, 9, 0, 180, 9, 179, 178]",Up,90
560,560,"[2, 6, 9, 0, 180, 9, 180, 178]",Up,90
561,561,"[2, 6, 9, 0, 179, 9, 180, 178]",Up,90
562,562,"[2, 6, 9, 0, 179, 9, 180, 178]",Up,90
563,563,"[2, 6, 10, 0, 179, 9, 180, 178]",Up,90
564,564,"[2, 7, 10, 0, 179, 9, 180, 178]",Up,90
565,565,"[2, 7, 10, 0, 179, 9, 180, 178]",Up,90
566,566,"[2, 7, 10, 0, 179, 9, 180, 178]",Up,90
567,567,"[2, 7, 10, 0, 179, 9, 180, 178]",Up,90
568,568,"[2, 7, 10, 0, 179, 9, 180, 178]",Up,90
569,569,"[2, 7, 10, 0, 179, 9, 180, 178]",Up,90
570,570,"[2, 7, 10, 0, 179, 9, 180, 178]",Up,90
571,571,"[2, 7, 10, 0, 179, 9, 180, 178]",Up,90
572,572,"[2, 7, 10, 0, 179, 9, 180, 178]",Up,90
573,573,"[2, 7, 10, 0, 179, 9, 180, 178]",Up,90
574,574,"[2, 7, 10, 0, 179, 9, 180, 178]",Up,100
575,575,"[1, 7, 10, 0, 179, 9, 180, 178]",Up,100
576,576,"[1, 7, 10, 0, 179, 9, 180, 178]",Up,100
577,577,"[1, 6, 10, 0, 179, 9, 180, 178]",Up,100
578,578,"[1, 6, 10, 0, 179, 9, 180, 178]",Up,100
579,579,"[1, 6, 10, 0, 179, 9, 180, 178]",Up,100
580,580,"[1, 5, 11, 0, 179, 9, 180, 178]",Up,100
581,581,"[1, 5, 11, 0, 179, 9, 180, 178]",Up,100
582,582,"[1, 5, 12, 0, 179, 9, 180, 178]",Up,100
583,583,"[1, 5, 12, 0, 179, 9, 180, 178]",Up,100
584,584,"[1, 5, 12, 0, 179, 9, 180, 177]",Up,100
585,585,"[1, 4, 13, 0, 180, 9, 180, 177]",Up,100
586,586,"[1, 4, 15, 0, 180, 9, 180, 177]",Up,100
587,587,"[0, 3, 14, 0, 180, 9, 180, 177]",Null,100
588,588,"[0, 3, 15, 0, 180, 9, 180, 177]",Null,100
589,589,"[0, 2, 20, 0, 180, 9, 180, 177]",Null,100
590,590,"[0, 0, 113, 0, 180, 9, 180, 178]",Null,100
591,591,"[0, 125, 174, 0, 180, 9, 180, 178]",Null,100
592,592,"[1, 172, 175, 0, 180, 9, 180, 178]",Null,100
593,593,"[1, 175, 178, 0, 180, 9, 180, 178]",Null,100
594,594,"[1, 177, 180, 0, 180, 9, 180, 178]",Null,100
595,595,"[1, 178, 180, 0, 180, 9, 180, 178]",Null,100
596,596,"[1, 180, 180, 0, 180, 9, 180, 178]",Null,100
597,597,"[0, 180, 179, 0, 180, 9, 180, 178]",Null,100
598,598,"[0, 179, 179, 0, 180, 9, 180, 178]",Null,100
599,599,"[0, 179, 179, 0, 180, 9, 180, 178]",Null,100
600,600,"[0, 179, 179, 0, 180, 9, 180, 178]",Null,100
601,601,"[0, 179, 179, 0, 180, 9, 180, 178]",Null,100
602,602,"[0, 179, 180, 0, 180, 9, 180, 178]",Down,100
603,603,"[0, 179, 180, 0, 180, 9, 180, 178]",Down,100
604,604,"[0, 179, 180, 0, 180, 9, 180, 177]",Down,100
605,605,"[0, 178, 180, 0, 180, 9, 180, 177]",Down,100
606,606,"[0, 178, 179, 0, 180, 9, 179, 177]",Down,100
607,607,"[0, 178, 179, 0, 180, 9, 179, 177]",Down,100
608,608,"[0, 179, 179, 0, 180, 9, 179, 177]",Down,100
609,609,"[1, 179, 179, 0, 180, 9, 179, 177]",Down,100
610,610,"[1, 179, 179, 0, 180, 9, 179, 177]",Down,100
611,611,"[1, 179, 179, 0, 180, 9, 179, 177]",Down,100
612,612,"[1, 180, 179, 0, 180, 9, 179, 177]",Down,100
613,613,"[1, 180, 180, 0, 180, 9, 179, 176]",Down,100
614,614,"[1, 180, 180, 0, 179, 9, 179, 176]",Down,100
615,615,"[1, 180, 179, 0, 179, 9, 179, 176]",Down,100
616,616,"[1, 180, 179, 0, 179, 9, 179, 176]",Down,100
617,617,"[1, 180, 179, 0, 179, 9, 179, 176]",Down,100
618,618,"[1, 180, 179, 0, 179, 9, 179, 176]",Down,100
619,619,"[1, 180, 179, 0, 179, 9, 179, 176]",Down,100
620,620,"[1, 180, 179, 0, 180, 9, 179, 176]",Down,100
621,621,"[1, 180, 179, 0, 180, 9, 179, 177]",Down,100
622,622,"[1, 180, 179, 0, 180, 9, 179, 177]",Down,100
623,623,"[1, 180, 179, 0, 180, 9, 179, 177]",Down,100
624,624,"[1, 180, 179, 0, 180, 9, 179, 177]",Down,100
625,625,"[1, 179, 179, 0, 180, 9, 179, 177]",Down,100
626,626,"[1, 179, 179, 0, 180, 9, 179, 177]",Down,100
627,627,"[1, 179, 179, 0, 180, 9, 179, 177]",Down,100
628,628,"[1, 179, 179, 0, 180, 9, 179, 177]",Down,100
629,629,"[1, 179, 180, 0, 180, 9, 179, 177]",Down,100
630,630,"[2, 179, 180, 0, 180, 9, 179, 177]",Down,100
631,631,"[2, 178, 180, 0, 180, 9, 179, 177]",Down,100
632,632,"[2, 179, 180, 0, 180, 9, 179, 177]",Down,100
633,633,"[2, 179, 180, 0, 180, 9, 179, 177]",Down,100
634,634,"[2, 179, 180, 0, 180, 9, 179, 177]",Down,100
635,635,"[2, 179, 180, 0, 180, 9, 179, 177]",Down,100
636,636,"[2, 179, 180, 0, 180, 9, 179, 177]",Down,100
637,637,"[2, 179, 180, 0, 180, 9, 179, 177]",Down,100
638,638,"[2, 179, 180, 0, 180, 9, 178, 177]",Down,100
639,639,"[2, 179, 180, 0, 180, 9, 178, 177]",Down,100
640,640,"[2, 179, 180, 0, 180, 9, 178, 177]",Down,100
641,641,"[2, 179, 180, 0, 180, 9, 178, 177]",Down,100
642,642,"[2, 179, 180, 0, 180, 9, 178, 177]",Down,100
643,643,"[2, 179, 180, 0, 180, 9, 178, 177]",Down,100
644,644,"[2, 179, 180, 0, 180, 9, 178, 177]",Down,100
645,645,"[2, 179, 180, 0, 180, 9, 178, 177]",Down,100
646,646,"[2, 179, 180, 0, 180, 9, 178, 177]",Down,100
647,647,"[2, 179, 180, 0, 180, 9, 178, 177]",Down,100
648,648,"[2, 180, 180, 0, 180, 9, 178, 177]",Down,100
649,649,"[2, 179, 180, 0, 180, 9, 178, 177]",Down,100
650,650,"[2, 179, 180, 0, 180, 9, 178, 177]",Down,100
651,651,"[2, 178, 180, 0, 180, 9, 178, 177]",Down,100
652,652,"[2, 177, 180, 0, 180, 9, 178, 177]",Down,100
653,653,"[2, 177, 179, 0, 180, 9, 178, 177]",Down,100
654,654,"[2, 177, 180, 0, 180, 9, 178, 178]",Down,100
655,655,"[1, 176, 179, 0, 180, 9, 178, 178]",Down,100
656,656,"[1, 176, 180, 0, 180, 9, 178, 178]",Down,100
657,657,"[1, 176, 180, 0, 180, 9, 178, 178]",Null,100
658,658,"[1, 176, 180, 0, 180, 9, 178, 178]",Null,100
659,659,"[1, 176, 180, 0, 180, 9, 178, 178]",Null,100
660,660,"[1, 175, 180, 0, 180, 9, 178, 178]",Null,100
661,661,"[1, 175, 180, 0, 180, 9, 178, 178]",Null,100
662,662,"[1, 175, 179, 0, 180, 9, 178, 178]",Null,100
663,663,"[1, 174, 180, 0, 180, 9, 178, 178]",Null,100
664,664,"[1, 173, 179, 0, 180, 9, 178, 178]",Null,100
665,665,"[1, 171, 179, 0, 180, 9, 178, 178]",Null,100
666,666,"[1, 170, 179, 0, 180, 9, 179, 178]",Null,100
667,667,"[1, 170, 178, 0, 180, 9, 179, 178]",Null,100
668,668,"[1, 169, 178, 0, 180, 9, 179, 178]",Null,100
669,669,"[1, 166, 172, 0, 180, 9, 179, 178]",Null,100
670,670,"[1, 151, 3, 0, 180, 9, 179, 178]",Null,100
671,671,"[0, 58, 7, 0, 180, 9, 179, 178]",Null,100
672,672,"[0, 16, 6, 0, 180, 9, 179, 178]",Null,100
673,673,"[0, 11, 7, 0, 180, 9, 179, 178]",Null,100
674,674,"[0, 8, 8, 0, 180, 9, 179, 178]",Null,100
675,675,"[1, 7, 8, 0, 180, 9, 179, 178]",Null,100
676,676,"[0, 7, 8, 0, 180, 9, 179, 177]",Up,100
677,677,"[0, 7, 8, 0, 180, 9, 179, 177]",Up,100
678,678,"[0, 7, 8, 0, 180, 9, 179, 177]",Up,100
679,679,"[0, 7, 7, 0, 180, 9, 179, 177]",Up,100
680,680,"[0, 6, 7, 0, 180, 9, 179, 177]",Up,100
681,681,"[1, 6, 7, 0, 180, 9, 179, 177]",Up,90
682,682,"[1, 6, 7, 0, 180, 9, 179, 177]",Up,90
683,683,"[1, 6, 6, 0, 180, 9, 179, 177]",Up,90
684,684,"[1, 6, 6, 0, 180, 9, 179, 177]",Up,90
685,685,"[1, 6, 7, 0, 180, 9, 179, 177]",Up,90
686,686,"[1, 6, 7, 0, 180, 9, 179, 177]",Up,90
687,687,"[1, 6, 6, 0, 180, 9, 179, 177]",Up,90
688,688,"[1, 6, 7, 0, 180, 9, 179, 177]",Up,90
689,689,"[1, 6, 6, 0, 180, 9, 179, 177]",Up,90
690,690,"[1, 6, 7, 0, 180, 9, 179, 177]",Up,90
691,691,"[1, 6, 7, 0, 180, 9, 179, 177]",Up,90
692,692,"[1, 6, 7, 0, 180, 9, 179, 177]",Up,90
693,693,"[1, 6, 7, 0, 180, 9, 179, 177]",Up,90
694,694,"[1, 6, 7, 0, 179, 9, 179, 177]",Up,100
695,695,"[1, 6, 7, 0, 179, 9, 180, 177]",Up,100
696,696,"[1, 6, 7, 0, 179, 9, 180, 177]",Up,100
697,697,"[1, 6, 7, 0, 179, 9, 180, 177]",Up,100
698,698,"[1, 6, 7, 0, 179, 9, 180, 177]",Up,100
699,699,"[1, 6, 7, 0, 179, 9, 180, 177]",Up,100
700,700,"[1, 6, 7, 0, 179, 9, 180, 177]",Up,100
701,701,"[1, 6, 7, 0, 180, 9, 180, 177]",Up,100
702,702,"[1, 6, 7, 0, 180, 9, 180, 177]",Up,100
703,703,"[1, 6, 7, 0, 180, 9, 180, 177]",Up,100
704,704,"[1, 6, 7, 0, 180, 9, 180, 177]",Up,100
705,705,"[1, 6, 7, 0, 180, 9, 180, 177]",Up,100
706,706,"[1, 6, 7, 0, 180, 9, 180, 177]",Up,100
707,707,"[1, 6, 8, 0, 180, 9, 180, 177]",Up,100
708,708,"[1, 7, 8, 0, 179, 9, 180, 177]",Up,100
709,709,"[1, 7, 8, 0, 180, 9, 179, 177]",Up,100
710,710,"[1, 7, 8, 0, 180, 9, 179, 177]",Up,100
711,711,"[1, 7, 9, 0, 180, 9, 179, 177]",Up,100
712,712,"[1, 7, 9, 0, 180, 9, 179, 177]",Up,100
713,713,"[1, 7, 11, 0, 180, 9, 179, 177]",Up,100
714,714,"[1, 6, 12, 0, 180, 9, 179, 177]",Up,100
715,715,"[1, 5, 12, 0, 180, 9, 179, 178]",Up,100
716,716,"[1, 5, 13, 0, 180, 9, 179, 178]",Null,100
717,717,"[1, 1, 15, 0, 180, 9, 179, 178]",Null,100
718,718,"[1, 48, 108, 0, 180, 9, 179, 178]",Null,100
719,719,"[0, 165, 178, 0, 180, 9, 179, 178]",Null,100
720,720,"[0, 165, 174, 0, 180, 9, 179, 178]",Null,100
721,721,"[0, 175, 178, 0, 180, 9, 179, 178]",Null,100
722,722,"[0, 177, 179, 0, 180, 9, 179, 178]",Null,100
723,723,"[1, 178, 179, 0, 180, 9, 180, 178]",Null,100
724,724,"[1, 180, 179, 0, 180, 9, 180, 178]",Null,100
725,725,"[1, 179, 180, 0, 180, 9, 180, 178]",Null,100
726,726,"[1, 179, 180, 0, 180, 9, 180, 178]",Null,100
727,727,"[1, 179, 180, 0, 180, 9, 180, 178]",Null,100
728,728,"[2, 179, 180, 0, 180, 9, 180, 178]",Null,100
729,729,"[2, 179, 180, 0, 180, 9, 180, 178]",Down,100
730,730,"[2, 178, 180, 0, 180, 9, 180, 178]",Down,100
731,731,"[2, 178, 180, 0, 180, 9, 179, 178]",Down,100
732,732,"[2, 178, 180, 0, 180, 9, 179, 178]",Down,100
733,733,"[2, 178, 180, 0, 180, 9, 179, 178]",Down,100
734,734,"[2, 178, 180, 0, 180, 9, 179, 178]",Down,100
735,735,"[2, 178, 180, 0, 180, 9, 179, 177]",Down,100
736,736,"[2, 178, 180, 0, 180, 9, 179, 177]",Down,100
737,737,"[2, 179, 180, 0, 180, 9, 179, 177]",Down,100
738,738,"[2, 179, 180, 0, 180, 9, 179, 177]",Down,100
739,739,"[2, 179, 180, 0, 180, 9, 179, 177]",Down,100
740,740,"[2, 179, 180, 0, 180, 9, 179, 177]",Down,100
741,741,"[2, 179, 180, 0, 180, 9, 179, 177]",Down,100
742,742,"[2, 179, 180, 0, 180, 9, 179, 177]",Down,100
743,743,"[1, 179, 180, 0, 180, 9, 179, 177]",Down,100
744,744,"[1, 179, 180, 0, 180, 9, 179, 177]",Down,100
745,745,"[1, 179, 180, 0, 180, 9, 179, 177]",Down,100
746,746,"[1, 179, 180, 0, 180, 9, 179, 177]",Down,100
747,747,"[1, 179, 180, 0, 180, 9, 179, 177]",Down,100
748,748,"[1, 180, 180, 0, 180, 9, 179, 177]",Down,100
749,749,"[1, 180, 180, 0, 180, 9, 179, 177]",Down,100
750,750,"[1, 180, 180, 0, 180, 9, 179, 177]",Down,100
751,751,"[1, 180, 179, 0, 180, 9, 179, 177]",Down,100
752,752,"[1, 180, 178, 0, 180, 9, 179, 177]",Down,100
753,753,"[1, 179, 178, 0, 180, 9, 179, 177]",Down,100
754,754,"[1, 179, 177, 0, 180, 9, 179, 177]",Down,100
755,755,"[1, 179, 177, 0, 180, 9, 179, 177]",Down,100
756,756,"[1, 178, 177, 0, 180, 9, 179, 177]",Down,100
757,757,"[1, 178, 176, 0, 180, 9, 179, 177]",Down,100
758,758,"[1, 178, 176, 0, 180, 9, 179, 177]",Down,100
759,759,"[1, 178, 176, 0, 180, 9, 179, 177]",Down,100
760,760,"[2, 178, 176, 0, 180, 9, 178, 177]",Down,100
761,761,"[2, 178, 176, 0, 180, 9, 178, 178]",Down,100
762,762,"[2, 178, 176, 0, 180, 10, 178, 177]",Down,100
763,763,"[15, 180, 180, 0, 175, 6, 180, 176]",Down,100
764,764,"[15, 180, 179, 0, 175, 6, 179, 177]",Down,100
765,765,"[15, 180, 178, 0, 176, 6, 179, 178]",Down,100
766,766,"[15, 180, 178, 0, 175, 6, 179, 178]",Down,100
767,767,"[15, 180, 178, 0, 175, 6, 179, 178]",Down,100
768,768,"[16, 180, 178, 0, 175, 6, 179, 178]",Down,100
769,769,"[16, 180, 178, 0, 175, 6, 179, 178]",Down,100
770,770,"[16, 180, 178, 0, 175, 6, 179, 178]",Down,100
771,771,"[16, 180, 178, 0, 175, 6, 179, 178]",Down,100
772,772,"[16, 179, 178, 0, 175, 6, 179, 178]",Down,100
773,773,"[16, 178, 178, 0, 175, 6, 179, 178]",Down,100
774,774,"[16, 176, 177, 0, 175, 6, 179, 178]",Down,100
775,775,"[16, 174, 177, 0, 175, 6, 179, 178]",Down,100
776,776,"[16, 172, 176, 0, 175, 6, 180, 178]",Down,100
777,777,"[16, 170, 174, 0, 176, 6, 179, 177]",Down,100
778,778,"[16, 169, 173, 0, 176, 6, 179, 177]",Down,100
779,779,"[16, 167, 172, 0, 176, 5, 178, 177]",Down,100
780,780,"[17, 165, 171, 0, 175, 5, 179, 177]",Down,100
781,781,"[17, 164, 169, 0, 175, 5, 179, 176]",Down,100
782,782,"[17, 162, 167, 0, 175, 5, 179, 177]",Down,100
783,783,"[17, 160, 164, 0, 176, 5, 179, 177]",Down,100
784,784,"[17, 158, 161, 0, 175, 5, 179, 177]",Down,100
785,785,"[17, 157, 157, 0, 175, 5, 179, 176]",Down,100
786,786,"[18, 155, 154, 0, 175, 5, 179, 176]",Down,100
787,787,"[18, 152, 151, 0, 175, 6, 179, 176]",Down,100
788,788,"[18, 148, 147, 0, 175, 5, 179, 176]",Null,100
789,789,"[18, 142, 140, 0, 175, 5, 179, 176]",Null,100
790,790,"[18, 139, 136, 0, 175, 5, 179, 176]",Null,100
791,791,"[18, 138, 131, 0, 175, 5, 179, 176]",Null,100
792,792,"[18, 137, 128, 0, 175, 5, 179, 176]",Null,100
793,793,"[18, 134, 121, 0, 175, 5, 179, 176]",Null,100
794,794,"[18, 130, 114, 0, 175, 5, 179, 176]",Null,100
795,795,"[18, 135, 106, 0, 175, 5, 179, 176]",Null,100
796,796,"[18, 134, 97, 0, 175, 5, 179, 176]",Null,100
797,797,"[18, 133, 91, 0, 174, 5, 179, 176]",Null,100
798,798,"[18, 145, 85, 0, 174, 5, 179, 176]",Null,100
799,799,"[18, 114, 79, 0, 174, 5, 179, 175]",Null,100
800,800,"[17, 95, 74, 0, 174, 5, 179, 175]",Null,100
801,801,"[17, 48, 71, 0, 174, 5, 179, 175]",Null,100
802,802,"[17, 43, 68, 0, 174, 5, 179, 175]",Null,100
803,803,"[16, 54, 64, 0, 175, 5, 179, 175]",Null,100
804,804,"[16, 48, 58, 0, 175, 5, 179, 175]",Up,100
805,805,"[16, 45, 56, 0, 175, 5, 179, 175]",Up,100
806,806,"[15, 42, 51, 0, 175, 5, 179, 175]",Up,100
807,807,"[15, 38, 47, 0, 175, 5, 179, 175]",Up,100
808,808,"[15, 33, 44, 0, 175, 5, 179, 175]",Up,100
809,809,"[16, 32, 41, 0, 175, 5, 179, 175]",Up,100
810,810,"[16, 27, 37, 0, 175, 5, 179, 175]",Up,100
811,811,"[16, 24, 35, 0, 175, 5, 179, 176]",Up,100
812,812,"[15, 23, 34, 0, 175, 5, 179, 176]",Up,100
813,813,"[16, 22, 33, 0, 174, 5, 179, 176]",Up,100
814,814,"[15, 20, 31, 0, 174, 5, 179, 176]",Up,100
815,815,"[15, 19, 29, 0, 174, 5, 179, 176]",Up,100
816,816,"[15, 18, 27, 0, 175, 5, 179, 176]",Up,100
817,817,"[15, 16, 25, 0, 175, 5, 179, 176]",Up,100
818,818,"[14, 15, 23, 0, 175, 5, 179, 176]",Up,100
819,819,"[14, 15, 22, 0, 175, 5, 179, 176]",Up,100
820,820,"[14, 15, 21, 0, 175, 5, 179, 176]",Up,100
821,821,"[14, 15, 21, 0, 175, 5, 180, 176]",Up,100
822,822,"[14, 15, 21, 0, 175, 5, 180, 176]",Up,100
823,823,"[14, 15, 20, 0, 175, 5, 180, 176]",Up,100
824,824,"[14, 15, 20, 0, 175, 5, 180, 176]",Up,100
825,825,"[14, 15, 20, 0, 174, 5, 180, 176]",Up,100
826,826,"[15, 15, 21, 0, 174, 5, 180, 176]",Up,100
827,827,"[15, 14, 21, 0, 174, 5, 180, 176]",Up,100
828,828,"[15, 14, 21, 0, 174, 5, 180, 176]",Up,100
829,829,"[15, 14, 21, 0, 174, 5, 180, 176]",Up,100
830,830,"[15, 14, 21, 0, 174, 5, 180, 176]",Up,100
831,831,"[15, 14, 22, 0, 174, 5, 180, 176]",Up,100
832,832,"[15, 14, 22, 0, 174, 5, 180, 176]",Up,100
833,833,"[15, 15, 23, 0, 174, 5, 180, 176]",Up,100
834,834,"[15, 16, 24, 0, 174, 5, 180, 176]",Up,100
835,835,"[16, 16, 26, 0, 174, 5, 180, 176]",Up,100
836,836,"[16, 18, 29, 0, 174, 5, 180, 176]",Up,100
837,837,"[17, 20, 33, 0, 174, 5, 180, 176]",Up,100
838,838,"[17, 22, 36, 0, 174, 5, 180, 177]",Up,100
839,839,"[17, 26, 38, 0, 174, 5, 180, 177]",Up,100
840,840,"[17, 30, 40, 0, 175, 5, 180, 177]",Up,100
841,841,"[17, 37, 42, 0, 175, 5, 180, 177]",Up,100
842,842,"[17, 37, 47, 0, 175, 5, 180, 176]",Up,100
843,843,"[17, 40, 52, 0, 174, 5, 180, 176]",Up,100
844,844,"[17, 60, 57, 0, 174, 5, 180, 176]",Up,100
845,845,"[17, 67, 64, 0, 174, 5, 180, 176]",Null,100
846,846,"[17, 75, 70, 0, 174, 5, 180, 176]",Null,100
847,847,"[17, 85, 74, 0, 174, 5, 180, 176]",Null,100
848,848,"[17, 91, 81, 0, 175, 5, 180, 176]",Null,100
849,849,"[17, 124, 88, 0, 174, 5, 180, 176]",Null,100
850,850,"[17, 159, 93, 0, 174, 5, 179, 176]",Null,100
851,851,"[17, 164, 100, 0, 174, 5, 179, 176]",Null,100
852,852,"[17, 141, 110, 0, 174, 5, 179, 176]",Null,100
853,853,"[18, 157, 119, 0, 174, 5, 179, 176]",Null,100
854,854,"[18, 145, 126, 0, 174, 5, 179, 176]",Null,100
855,855,"[18, 141, 130, 0, 175, 5, 180, 176]",Null,100
856,856,"[17, 140, 134, 0, 175, 5, 180, 176]",Null,100
857,857,"[17, 141, 136, 0, 176, 5, 180, 177]",Null,100
858,858,"[17, 143, 140, 0, 175, 6, 180, 176]",Null,100
859,859,"[17, 146, 145, 0, 175, 6, 180, 176]",Null,100
860,860,"[17, 148, 150, 0, 175, 6, 180, 176]",Null,100
861,861,"[17, 152, 154, 0, 175, 6, 180, 176]",Null,100
862,862,"[18, 155, 156, 0, 175, 6, 180, 176]",Down,100
863,863,"[18, 157, 158, 0, 175, 6, 179, 176]",Down,100
864,864,"[18, 158, 159, 0, 175, 6, 179, 176]",Down,100
865,865,"[18, 159, 161, 0, 175, 6, 179, 176]",Down,100
866,866,"[17, 161, 162, 0, 175, 6, 180, 176]",Down,100
867,867,"[17, 161, 163, 0, 175, 5, 178, 175]",Down,100
868,868,"[17, 162, 165, 0, 175, 5, 178, 175]",Down,100
869,869,"[17, 163, 166, 0, 175, 5, 178, 175]",Down,100
870,870,"[17, 164, 168, 0, 175, 5, 177, 176]",Down,100
871,871,"[17, 166, 169, 0, 176, 5, 176, 175]",Down,100
872,872,"[17, 166, 171, 0, 176, 5, 176, 177]",Down,100
873,873,"[16, 167, 171, 0, 176, 5, 176, 178]",Down,100
874,874,"[16, 168, 172, 0, 176, 5, 176, 178]",Down,100
875,875,"[16, 170, 173, 0, 177, 5, 176, 178]",Down,100
876,876,"[16, 171, 174, 0, 177, 5, 177, 178]",Down,100
877,877,"[16, 173, 174, 0, 177, 5, 178, 179]",Down,100
878,878,"[16, 175, 175, 0, 177, 5, 179, 179]",Down,100
879,879,"[16, 176, 176, 0, 176, 5, 179, 179]",Down,100
880,880,"[16, 176, 176, 0, 176, 5, 180, 179]",Down,100
881,881,"[15, 177, 177, 0, 176, 5, 180, 179]",Down,100
882,882,"[15, 177, 177, 0, 177, 5, 180, 179]",Down,100
883,883,"[15, 177, 177, 0, 176, 6, 179, 178]",Down,100
884,884,"[15, 177, 176, 0, 176, 5, 178, 178]",Down,100
885,885,"[15, 177, 176, 0, 176, 5, 178, 177]",Down,100
886,886,"[15, 177, 176, 0, 176, 5, 178, 177]",Down,100
887,887,"[15, 177, 176, 0, 176, 5, 178, 177]",Down,100
888,888,"[15, 177, 176, 0, 176, 5, 178, 177]",Down,100
889,889,"[16, 177, 176, 0, 176, 5, 178, 177]",Down,100
890,890,"[16, 177, 176, 0, 176, 5, 178, 177]",Down,100
891,891,"[16, 177, 176, 0, 176, 5, 178, 177]",Down,100
892,892,"[16, 177, 176, 0, 176, 5, 178, 177]",Down,100
893,893,"[16, 177, 176, 0, 176, 5, 178, 177]",Down,100
894,894,"[16, 177, 176, 0, 176, 5, 178, 177]",Down,100
895,895,"[16, 177, 176, 0, 176, 5, 178, 177]",Down,100
896,896,"[16, 177, 176, 0, 176, 5, 178, 177]",Down,100
897,897,"[16, 177, 176, 0, 176, 5, 178, 177]",Down,100
898,898,"[16, 178, 176, 0, 176, 5, 178, 177]",Down,100
899,899,"[16, 178, 176, 0, 176, 5, 178, 177]",Down,100
900,900,"[16, 179, 176, 0, 176, 5, 178, 177]",Down,100
901,901,"[16, 178, 176, 0, 176, 5, 178, 177]",Down,100
902,902,"[16, 177, 175, 0, 176, 5, 179, 177]",Down,100
903,903,"[16, 176, 175, 0, 176, 5, 180, 176]",Down,100
904,904,"[16, 174, 174, 0, 176, 5, 179, 175]",Down,100
905,905,"[16, 172, 173, 0, 176, 5, 179, 176]",Down,100
906,906,"[16, 170, 171, 0, 177, 4, 178, 176]",Down,100
907,907,"[16, 167, 170, 0, 177, 4, 177, 177]",Down,100
908,908,"[16, 166, 168, 0, 176, 4, 177, 176]",Down,100
909,909,"[16, 164, 166, 0, 176, 4, 179, 176]",Down,100
910,910,"[17, 161, 164, 0, 176, 4, 179, 177]",Down,100
911,911,"[17, 159, 161, 0, 176, 5, 180, 177]",Down,100
912,912,"[17, 158, 158, 0, 175, 5, 180, 177]",Down,100
913,913,"[17, 156, 155, 0, 175, 5, 179, 177]",Down,100
914,914,"[17, 152, 152, 0, 175, 5, 179, 177]",Down,100
915,915,"[16, 147, 147, 0, 176, 5, 180, 177]",Null,100
916,916,"[16, 142, 144, 0, 176, 5, 179, 177]",Null,100
917,917,"[16, 141, 139, 0, 176, 5, 179, 177]",Null,100
918,918,"[17, 139, 136, 0, 176, 5, 179, 177]",Null,100
919,919,"[17, 137, 133, 0, 176, 5, 179, 177]",Null,100
920,920,"[17, 134, 129, 0, 176, 5, 179, 177]",Null,100
921,921,"[17, 133, 122, 0, 176, 5, 179, 177]",Null,100
922,922,"[17, 134, 115, 0, 175, 5, 179, 177]",Null,100
923,923,"[18, 130, 107, 0, 175, 5, 179, 177]",Null,100
924,924,"[18, 166, 100, 0, 175, 5, 179, 176]",Null,100
925,925,"[17, 177, 98, 0, 174, 5, 179, 176]",Null,100
926,926,"[17, 177, 94, 0, 175, 5, 179, 176]",Null,100
927,927,"[17, 171, 91, 0, 174, 5, 179, 176]",Null,100
928,928,"[17, 153, 85, 0, 174, 5, 179, 176]",Null,100
929,929,"[17, 116, 83, 0, 174, 5, 179, 176]",Null,100
930,930,"[17, 72, 79, 0, 174, 5, 179, 175]",Null,100
931,931,"[16, 74, 74, 0, 174, 5, 179, 175]",Null,100
932,932,"[16, 65, 69, 0, 174, 5, 179, 176]",Null,100
933,933,"[16, 62, 66, 0, 175, 5, 179, 176]",Null,100
934,934,"[16, 63, 62, 0, 175, 5, 179, 175]",Null,100
935,935,"[16, 50, 59, 0, 175, 5, 179, 175]",Null,100
936,936,"[16, 52, 57, 0, 174, 5, 179, 175]",Up,100
937,937,"[16, 43, 54, 0, 174, 5, 179, 175]",Up,100
938,938,"[16, 39, 50, 0, 174, 5, 179, 175]",Up,100
939,939,"[17, 34, 46, 0, 174, 5, 179, 175]",Up,100
940,940,"[17, 31, 43, 0, 174, 5, 179, 176]",Up,100
941,941,"[17, 27, 40, 0, 174, 5, 179, 176]",Up,100
942,942,"[17, 27, 39, 0, 174, 5, 179, 176]",Up,100
943,943,"[17, 25, 37, 0, 174, 5, 179, 176]",Up,100
944,944,"[17, 23, 35, 0, 174, 5, 179, 176]",Up,100
945,945,"[16, 21, 33, 0, 174, 5, 179, 177]",Up,100
946,946,"[17, 20, 31, 0, 174, 5, 179, 177]",Up,100
947,947,"[16, 20, 29, 0, 174, 5, 179, 176]",Up,100
948,948,"[16, 19, 28, 0, 174, 5, 179, 176]",Up,100
949,949,"[15, 19, 26, 0, 174, 5, 179, 176]",Up,100
950,950,"[15, 18, 25, 0, 174, 5, 179, 176]",Up,100
951,951,"[15, 17, 25, 0, 174, 5, 179, 176]",Up,100
952,952,"[15, 17, 24, 0, 174, 5, 179, 176]",Up,100
953,953,"[15, 16, 24, 0, 174, 5, 179, 176]",Up,100
954,954,"[15, 16, 24, 0, 174, 5, 179, 176]",Up,100
955,955,"[16, 16, 24, 0, 174, 5, 179, 176]",Up,100
956,956,"[16, 17, 25, 0, 174, 5, 179, 176]",Up,100
957,957,"[16, 16, 25, 0, 174, 5, 179, 176]",Up,100
958,958,"[16, 17, 25, 0, 174, 5, 179, 176]",Up,100
959,959,"[16, 17, 26, 0, 174, 5, 180, 176]",Up,100
960,960,"[16, 17, 26, 0, 174, 5, 180, 176]",Up,100
961,961,"[17, 17, 27, 0, 174, 5, 180, 176]",Up,100
962,962,"[17, 17, 27, 0, 174, 5, 180, 176]",Up,100
963,963,"[17, 17, 27, 0, 174, 5, 179, 176]",Up,100
964,964,"[17, 18, 28, 0, 174, 5, 179, 176]",Up,100
965,965,"[17, 18, 29, 0, 174, 5, 179, 176]",Up,100
966,966,"[17, 19, 31, 0, 174, 5, 179, 176]",Up,100
967,967,"[17, 21, 33, 0, 174, 5, 179, 176]",Up,100
968,968,"[18, 23, 35, 0, 174, 5, 179, 176]",Up,100
969,969,"[18, 28, 38, 0, 174, 5, 179, 176]",Up,100
970,970,"[19, 35, 42, 0, 174, 5, 179, 176]",Up,100
971,971,"[18, 45, 47, 0, 174, 5, 179, 176]",Up,100
972,972,"[19, 50, 54, 0, 174, 5, 179, 176]",Up,100
973,973,"[18, 64, 60, 0, 174, 5, 179, 176]",Up,100
974,974,"[19, 77, 69, 0, 174, 5, 179, 176]",Null,100
975,975,"[19, 74, 74, 0, 174, 5, 179, 176]",Null,100
976,976,"[19, 116, 79, 0, 174, 5, 179, 176]",Null,100
977,977,"[19, 157, 88, 0, 174, 5, 179, 176]",Null,100
978,978,"[19, 170, 95, 0, 174, 5, 179, 176]",Null,100
979,979,"[19, 164, 100, 0, 174, 5, 179, 176]",Null,100
980,980,"[19, 163, 109, 0, 174, 5, 179, 176]",Null,100
981,981,"[19, 140, 118, 0, 174, 5, 179, 176]",Null,100
982,982,"[19, 136, 125, 0, 175, 5, 179, 176]",Null,100
983,983,"[18, 136, 129, 0, 175, 5, 180, 177]",Null,100
984,984,"[18, 136, 134, 0, 175, 5, 179, 177]",Null,100
985,985,"[18, 138, 138, 0, 175, 5, 179, 177]",Null,100
986,986,"[18, 141, 142, 0, 175, 5, 179, 176]",Null,100
987,987,"[18, 145, 146, 0, 175, 5, 179, 176]",Null,100
988,988,"[18, 150, 152, 0, 175, 5, 179, 176]",Null,100
989,989,"[18, 154, 156, 0, 175, 5, 179, 176]",Null,100
990,990,"[18, 156, 159, 0, 175, 5, 179, 176]",Null,100
991,991,"[17, 157, 160, 0, 175, 5, 179, 175]",Down,100
992,992,"[17, 159, 161, 0, 175, 5, 180, 175]",Down,100
993,993,"[18, 160, 163, 0, 175, 5, 180, 175]",Down,100
994,994,"[18, 161, 165, 0, 175, 5, 180, 175]",Down,100
995,995,"[17, 162, 167, 0, 174, 5, 180, 175]",Down,100
996,996,"[17, 164, 168, 0, 175, 5, 179, 175]",Down,100
997,997,"[17, 165, 170, 0, 175, 5, 179, 175]",Down,100
998,998,"[17, 167, 171, 0, 175, 5, 179, 175]",Down,100
999,999,"[17, 168, 172, 0, 175, 5, 178, 176]",Down,100
1000,1000,"[16, 169, 172, 0, 175, 5, 179, 176]",Down,100
1001,1001,"[16, 171, 172, 0, 175, 5, 179, 176]",Down,100
1002,1002,"[16, 172, 173, 0, 175, 5, 180, 176]",Down,100
1003,1003,"[16, 173, 173, 0, 175, 5, 179, 176]",Down,100
1004,1004,"[16, 175, 174, 0, 175, 5, 179, 176]",Down,100
1005,1005,"[16, 176, 175, 0, 175, 5, 179, 176]",Down,100
1006,1006,"[16, 177, 176, 0, 175, 5, 179, 177]",Down,100
1007,1007,"[16, 178, 176, 0, 175, 5, 179, 177]",Down,100
1008,1008,"[16, 178, 177, 0, 175, 6, 179, 177]",Down,100
1009,1009,"[16, 178, 177, 0, 175, 5, 179, 177]",Down,100
1010,1010,"[16, 178, 177, 0, 176, 5, 179, 177]",Down,100
1011,1011,"[16, 179, 177, 0, 176, 5, 179, 177]",Down,100
1012,1012,"[16, 179, 178, 0, 176, 5, 179, 177]",Down,100
1013,1013,"[16, 179, 178, 0, 176, 5, 179, 177]",Down,100
1014,1014,"[16, 179, 178, 0, 176, 5, 179, 177]",Down,100
1015,1015,"[16, 178, 178, 0, 176, 5, 179, 177]",Down,100
1016,1016,"[16, 179, 178, 0, 176, 5, 179, 177]",Down,100
1017,1017,"[16, 179, 179, 0, 176, 5, 179, 177]",Down,100
1018,1018,"[16, 179, 179, 0, 176, 5, 179, 177]",Down,100
1019,1019,"[16, 179, 179, 0, 177, 5, 179, 177]",Down,100
1020,1020,"[9, 179, 180, 0, 180, 11, 175, 171]",Down,100
1021,1021,"[8, 179, 180, 0, 180, 7, 177, 180]",Down,100
1022,1022,"[8, 179, 179, 0, 180, 7, 179, 179]",Down,100
1023,1023,"[8, 179, 179, 0, 180, 7, 179, 179]",Down,100
1024,1024,"[8, 179, 179, 0, 180, 8, 179, 178]",Down,100
1025,1025,"[8, 179, 179, 0, 180, 8, 178, 177]",Down,100
1026,1026,"[7, 179, 179, 0, 180, 8, 178, 177]",Down,100
1027,1027,"[7, 180, 180, 0, 179, 9, 178, 178]",Down,100
1028,1028,"[6, 179, 179, 0, 180, 9, 178, 178]",Down,100
1029,1029,"[4, 179, 179, 0, 180, 10, 178, 178]",Down,100
1030,1030,"[3, 179, 179, 0, 180, 10, 178, 178]",Down,100
1031,1031,"[4, 179, 178, 0, 179, 10, 178, 178]",Down,100
1032,1032,"[5, 180, 177, 0, 179, 9, 177, 179]",Down,100
1033,1033,"[5, 179, 176, 0, 178, 9, 176, 179]",Down,100
1034,1034,"[5, 179, 176, 0, 178, 11, 176, 176]",Down,100
1035,1035,"[6, 179, 176, 0, 179, 9, 176, 176]",Down,100
1036,1036,"[7, 179, 175, 0, 179, 8, 177, 176]",Down,100
1037,1037,"[9, 178, 172, 0, 179, 9, 176, 174]",Down,100
1038,1038,"[10, 176, 171, 0, 179, 10, 176, 174]",Null,90
1039,1039,"[11, 175, 168, 0, 180, 16, 60, 162]",Null,90
1040,1040,"[11, 176, 165, 0, 180, 14, 160, 164]",Null,90
1041,1041,"[10, 176, 161, 0, 180, 12, 162, 167]",Null,90
1042,1042,"[12, 176, 129, 0, 180, 12, 155, 168]",Null,90
1043,1043,"[15, 179, 123, 0, 180, 11, 164, 169]",Null,90
1044,1044,"[16, 173, 88, 0, 180, 7, 177, 176]",Null,90
1045,1045,"[17, 167, 80, 0, 179, 8, 178, 177]",Null,90
1046,1046,"[19, 161, 67, 0, 179, 11, 175, 176]",Null,90
1047,1047,"[27, 159, 36, 0, 179, 15, 118, 171]",Null,90
1048,1048,"[31, 161, 33, 0, 179, 10, 176, 178]",Null,90
1049,1049,"[35, 104, 32, 0, 179, 10, 179, 180]",Up,90
1050,1050,"[40, 72, 30, 0, 179, 10, 178, 180]",Up,90
1051,1051,"[41, 49, 29, 0, 179, 10, 178, 179]",Up,90
1052,1052,"[41, 37, 29, 0, 179, 10, 178, 179]",Up,90
1053,1053,"[45, 34, 26, 0, 179, 10, 178, 179]",Up,90
1054,1054,"[43, 32, 22, 0, 179, 10, 177, 179]",Up,90
1055,1055,"[44, 30, 19, 0, 179, 15, 156, 179]",Up,90
1056,1056,"[42, 29, 18, 0, 179, 12, 170, 178]",Up,100
1057,1057,"[43, 30, 18, 0, 180, 15, 140, 178]",Up,100
1058,1058,"[44, 29, 16, 0, 180, 16, 79, 177]",Up,100
1059,1059,"[46, 29, 17, 0, 180, 15, 84, 176]",Up,100
1060,1060,"[46, 29, 15, 0, 180, 13, 123, 176]",Up,100
1061,1061,"[46, 31, 15, 0, 179, 10, 174, 178]",Up,100
1062,1062,"[42, 36, 19, 0, 180, 11, 178, 179]",Up,100
1063,1063,"[42, 42, 19, 0, 180, 11, 180, 180]",Up,100
1064,1064,"[39, 64, 26, 0, 180, 11, 180, 179]",Up,100
1065,1065,"[36, 129, 30, 0, 180, 12, 179, 179]",Up,100
1066,1066,"[32, 174, 41, 0, 180, 12, 178, 179]",Null,90
1067,1067,"[27, 170, 74, 0, 180, 12, 177, 179]",Null,90
1068,1068,"[26, 166, 95, 0, 180, 13, 177, 179]",Null,90
1069,1069,"[22, 170, 116, 0, 180, 13, 177, 179]",Null,90
1070,1070,"[19, 172, 134, 0, 180, 13, 177, 179]",Null,90
1071,1071,"[17, 171, 137, 0, 180, 13, 177, 179]",Null,90
1072,1072,"[12, 173, 151, 0, 180, 13, 177, 178]",Null,90
1073,1073,"[8, 177, 167, 0, 180, 13, 178, 179]",Null,90
1074,1074,"[6, 180, 170, 0, 180, 13, 178, 179]",Null,90
1075,1075,"[4, 179, 170, 0, 180, 13, 177, 179]",Null,90
1076,1076,"[3, 177, 172, 0, 179, 13, 177, 180]",Null,90
1077,1077,"[3, 178, 174, 0, 180, 13, 177, 180]",Null,90
1078,1078,"[2, 178, 175, 0, 180, 13, 177, 180]",Null,90
1079,1079,"[2, 179, 175, 0, 180, 12, 177, 180]",Null,90
1080,1080,"[2, 180, 176, 0, 180, 13, 177, 180]",Down,100
1081,1081,"[2, 180, 177, 0, 180, 13, 178, 179]",Down,100
1082,1082,"[2, 179, 178, 0, 180, 13, 178, 178]",Down,100
1083,1083,"[2, 179, 178, 0, 180, 12, 179, 178]",Down,100
1084,1084,"[1, 179, 179, 0, 180, 11, 178, 178]",Down,100
1085,1085,"[1, 179, 179, 0, 180, 11, 178, 178]",Down,100
1086,1086,"[1, 179, 180, 0, 180, 11, 179, 178]",Down,100
1087,1087,"[0, 178, 179, 0, 180, 11, 179, 178]",Down,100
1088,1088,"[0, 178, 179, 0, 179, 11, 179, 179]",Down,100
1089,1089,"[0, 178, 179, 0, 179, 12, 178, 180]",Down,100
1090,1090,"[2, 178, 179, 0, 179, 12, 177, 180]",Down,100
1091,1091,"[3, 178, 179, 0, 179, 12, 177, 179]",Down,100
1092,1092,"[4, 177, 179, 0, 179, 12, 178, 179]",Down,100
1093,1093,"[5, 178, 179, 0, 179, 12, 177, 179]",Down,100
1094,1094,"[7, 178, 179, 0, 179, 12, 179, 179]",Down,100
1095,1095,"[8, 179, 179, 0, 179, 12, 179, 178]",Down,100
1096,1096,"[8, 179, 179, 0, 179, 12, 179, 178]",Down,100
1097,1097,"[9, 180, 179, 0, 179, 12, 179, 178]",Down,100
1098,1098,"[9, 180, 178, 0, 179, 12, 179, 178]",Down,100
1099,1099,"[9, 180, 178, 0, 179, 12, 179, 178]",Down,100
1100,1100,"[9, 180, 178, 0, 179, 12, 179, 178]",Down,100
1101,1101,"[8, 179, 178, 0, 179, 12, 178, 178]",Down,100
1102,1102,"[8, 179, 178, 0, 179, 12, 178, 177]",Down,100
1103,1103,"[8, 179, 178, 0, 179, 13, 178, 177]",Down,100
1104,1104,"[7, 179, 178, 0, 179, 12, 177, 178]",Down,100
1105,1105,"[6, 179, 178, 0, 179, 12, 177, 179]",Down,100
1106,1106,"[6, 179, 179, 0, 179, 12, 178, 178]",Down,100
1107,1107,"[5, 179, 179, 0, 179, 12, 178, 178]",Down,100
1108,1108,"[3, 179, 179, 0, 179, 11, 178, 179]",Down,100
1109,1109,"[1, 178, 179, 0, 179, 11, 178, 179]",Down,100
1110,1110,"[1, 178, 179, 0, 180, 11, 178, 179]",Down,100
1111,1111,"[0, 178, 180, 0, 180, 11, 178, 178]",Down,100
1112,1112,"[1, 178, 178, 0, 180, 12, 177, 178]",Down,100
1113,1113,"[1, 178, 177, 0, 180, 12, 177, 178]",Down,100
1114,1114,"[2, 178, 175, 0, 180, 12, 176, 178]",Null,80
1115,1115,"[3, 179, 173, 0, 180, 13, 175, 178]",Null,80
1116,1116,"[4, 179, 171, 0, 180, 13, 174, 178]",Null,80
1117,1117,"[3, 176, 161, 0, 180, 13, 174, 178]",Null,80
1118,1118,"[3, 170, 153, 0, 180, 14, 174, 179]",Null,80
1119,1119,"[4, 160, 140, 0, 180, 13, 174, 179]",Null,80
1120,1120,"[4, 141, 115, 0, 180, 14, 174, 178]",Null,80
1121,1121,"[4, 146, 103, 0, 180, 14, 174, 179]",Null,80
1122,1122,"[4, 126, 98, 0, 180, 14, 174, 178]",Null,80
1123,1123,"[4, 178, 69, 0, 180, 13, 175, 179]",Null,80
1124,1124,"[3, 2, 52, 0, 180, 14, 175, 179]",Null,80
1125,1125,"[3, 1, 46, 0, 180, 14, 175, 179]",Null,80
1126,1126,"[3, 4, 44, 0, 180, 14, 175, 179]",Null,80
1127,1127,"[3, 5, 43, 0, 180, 14, 175, 179]",Null,80
1128,1128,"[3, 0, 45, 0, 180, 13, 175, 179]",Null,80
1129,1129,"[3, 16, 47, 0, 180, 13, 175, 179]",Null,80
1130,1130,"[3, 86, 49, 0, 180, 13, 175, 179]",Null,80
1131,1131,"[3, 117, 50, 0, 180, 13, 175, 179]",Null,80
1132,1132,"[2, 132, 67, 0, 180, 13, 175, 179]",Null,80
1133,1133,"[2, 156, 88, 0, 180, 13, 175, 179]",Null,80
1134,1134,"[1, 179, 109, 0, 180, 14, 174, 179]",Null,80
1135,1135,"[0, 177, 132, 0, 180, 14, 174, 179]",Null,80
1136,1136,"[1, 168, 145, 0, 180, 14, 174, 179]",Null,80
1137,1137,"[1, 179, 164, 0, 180, 14, 174, 179]",Null,80
1138,1138,"[1, 179, 170, 0, 180, 13, 175, 179]",Null,80
1139,1139,"[1, 179, 172, 0, 180, 13, 175, 179]",Null,80
1140,1140,"[1, 178, 174, 0, 180, 13, 175, 180]",Null,80
1141,1141,"[1, 177, 176, 0, 180, 13, 175, 180]",Down,100
1142,1142,"[2, 177, 178, 0, 180, 13, 175, 179]",Down,100
1143,1143,"[2, 177, 178, 0, 180, 12, 175, 179]",Down,100
1144,1144,"[2, 177, 179, 0, 180, 12, 175, 179]",Down,100
1145,1145,"[2, 177, 180, 0, 180, 12, 175, 179]",Down,100
1146,1146,"[2, 177, 179, 0, 180, 12, 176, 179]",Down,100
1147,1147,"[3, 177, 179, 0, 180, 12, 176, 180]",Down,100
1148,1148,"[3, 178, 179, 0, 180, 12, 176, 180]",Down,100
1149,1149,"[3, 178, 178, 0, 180, 11, 176, 180]",Down,100
1150,1150,"[3, 178, 178, 0, 180, 11, 176, 180]",Down,100
1151,1151,"[3, 178, 178, 0, 180, 12, 176, 180]",Down,100
1152,1152,"[3, 178, 178, 0, 180, 12, 176, 180]",Down,100
1153,1153,"[2, 178, 178, 0, 180, 12, 176, 180]",Down,100
1154,1154,"[2, 179, 178, 0, 180, 12, 176, 180]",Down,100
1155,1155,"[2, 179, 178, 0, 180, 12, 176, 180]",Down,100
1156,1156,"[2, 179, 178, 0, 180, 12, 176, 180]",Down,100
1157,1157,"[2, 179, 178, 0, 180, 12, 176, 180]",Down,100
1158,1158,"[2, 179, 178, 0, 180, 12, 176, 180]",Down,100
1159,1159,"[2, 179, 178, 0, 180, 12, 176, 179]",Down,100
1160,1160,"[2, 179, 178, 0, 180, 12, 176, 179]",Down,100
1161,1161,"[2, 179, 178, 0, 180, 12, 176, 179]",Down,100
1162,1162,"[2, 179, 178, 0, 180, 12, 176, 179]",Down,100
1163,1163,"[2, 179, 178, 0, 180, 12, 176, 180]",Down,100
1164,1164,"[2, 179, 178, 0, 180, 12, 176, 180]",Down,100
1165,1165,"[1, 179, 178, 0, 180, 12, 176, 180]",Down,100
1166,1166,"[1, 179, 178, 0, 180, 11, 177, 179]",Down,100
1167,1167,"[2, 179, 179, 0, 180, 11, 177, 179]",Down,100
1168,1168,"[2, 179, 179, 0, 180, 11, 177, 179]",Down,100
1169,1169,"[2, 178, 180, 0, 180, 11, 177, 180]",Down,100
1170,1170,"[2, 178, 179, 0, 180, 12, 177, 180]",Down,100
1171,1171,"[2, 178, 178, 0, 180, 12, 177, 180]",Down,100
1172,1172,"[2, 179, 175, 0, 180, 13, 175, 179]",Down,100
1173,1173,"[2, 179, 170, 0, 180, 14, 173, 179]",Null,100
1174,1174,"[2, 174, 162, 0, 180, 14, 173, 179]",Null,100
1175,1175,"[2, 164, 133, 0, 180, 15, 174, 178]",Null,100
1176,1176,"[2, 46, 115, 0, 180, 14, 174, 178]",Null,100
1177,1177,"[1, 9, 54, 0, 180, 15, 174, 178]",Null,100
1178,1178,"[1, 8, 35, 0, 180, 15, 175, 178]",Null,100
1179,1179,"[3, 9, 28, 0, 179, 14, 175, 179]",Null,100
1180,1180,"[5, 9, 25, 0, 179, 14, 176, 179]",Null,100
1181,1181,"[5, 9, 22, 0, 179, 14, 176, 179]",Up,100
1182,1182,"[6, 11, 21, 0, 179, 13, 177, 179]",Up,100
1183,1183,"[5, 12, 22, 0, 180, 13, 177, 179]",Up,100
1184,1184,"[4, 12, 20, 0, 180, 12, 177, 180]",Up,100
1185,1185,"[3, 11, 19, 0, 180, 12, 178, 180]",Up,100
1186,1186,"[3, 11, 19, 0, 180, 12, 178, 180]",Up,100
1187,1187,"[3, 10, 18, 0, 180, 12, 178, 180]",Up,100
1188,1188,"[2, 11, 19, 0, 180, 12, 179, 179]",Up,100
1189,1189,"[1, 11, 19, 0, 180, 12, 179, 179]",Up,100
1190,1190,"[1, 10, 19, 0, 180, 12, 179, 179]",Up,100
1191,1191,"[2, 10, 19, 0, 180, 12, 179, 178]",Up,100
1192,1192,"[2, 11, 20, 0, 180, 12, 179, 178]",Up,100
1193,1193,"[3, 17, 25, 0, 180, 12, 179, 178]",Up,100
1194,1194,"[3, 24, 32, 0, 180, 13, 178, 178]",Null,100
1195,1195,"[3, 62, 41, 0, 180, 13, 178, 178]",Null,100
1196,1196,"[3, 176, 57, 0, 180, 13, 178, 178]",Null,100
1197,1197,"[3, 173, 76, 0, 180, 13, 178, 179]",Null,100
1198,1198,"[4, 180, 125, 0, 180, 13, 177, 179]",Null,100
1199,1199,"[4, 174, 147, 0, 180, 13, 176, 180]",Null,100
1200,1200,"[5, 176, 166, 0, 179, 14, 175, 179]",Null,100
1201,1201,"[6, 175, 173, 0, 179, 13, 176, 179]",Null,100
1202,1202,"[9, 175, 177, 0, 180, 12, 180, 179]",Null,100
1203,1203,"[13, 174, 178, 0, 180, 12, 180, 180]",Null,100
1204,1204,"[14, 174, 179, 0, 180, 11, 180, 180]",Down,100
1205,1205,"[17, 174, 180, 0, 180, 11, 180, 180]",Down,100
1206,1206,"[19, 174, 180, 0, 180, 11, 180, 180]",Down,100
1207,1207,"[22, 174, 180, 0, 180, 11, 180, 180]",Down,100
1208,1208,"[25, 175, 179, 0, 180, 12, 179, 179]",Down,100
1209,1209,"[31, 175, 179, 0, 180, 11, 179, 179]",Down,100
1210,1210,"[40, 176, 179, 0, 180, 11, 179, 179]",Down,100
1211,1211,"[45, 176, 179, 0, 180, 11, 179, 179]",Down,100
1212,1212,"[49, 176, 179, 0, 180, 11, 179, 179]",Down,100
1213,1213,"[62, 176, 178, 0, 180, 11, 179, 178]",Down,100
1214,1214,"[70, 176, 178, 0, 180, 11, 178, 175]",Down,100
1215,1215,"[67, 176, 178, 0, 180, 12, 178, 174]",Down,100
1216,1216,"[66, 177, 178, 0, 180, 12, 178, 175]",Down,100
1217,1217,"[63, 177, 178, 0, 180, 11, 178, 177]",Down,100
1218,1218,"[65, 177, 178, 0, 180, 12, 179, 177]",Down,100
1219,1219,"[64, 177, 178, 0, 180, 12, 179, 177]",Down,100
1220,1220,"[62, 177, 178, 0, 180, 12, 179, 178]",Down,100
1221,1221,"[61, 177, 178, 0, 179, 12, 178, 179]",Down,100
1222,1222,"[67, 178, 178, 0, 179, 11, 177, 180]",Down,100
1223,1223,"[69, 178, 179, 0, 179, 10, 176, 179]",Down,100
1224,1224,"[79, 178, 179, 0, 179, 9, 175, 178]",Down,100
1225,1225,"[94, 179, 179, 0, 179, 10, 175, 178]",Down,100
1226,1226,"[109, 179, 179, 0, 179, 10, 176, 179]",Down,100
1227,1227,"[109, 179, 180, 0, 179, 10, 176, 179]",Down,100
1228,1228,"[108, 178, 179, 0, 179, 9, 176, 179]",Down,100
1229,1229,"[113, 177, 179, 0, 179, 9, 176, 179]",Down,100
1230,1230,"[121, 177, 179, 0, 179, 9, 176, 179]",Down,100
1231,1231,"[112, 177, 179, 0, 179, 9, 177, 179]",Down,100
1232,1232,"[111, 177, 179, 0, 179, 10, 177, 179]",Down,100
1233,1233,"[146, 176, 179, 0, 179, 10, 178, 179]",Down,100
1234,1234,"[167, 176, 179, 0, 180, 10, 178, 179]",Down,100
